stop_id,stop_code,stop_name,stop_desc,stop_lat,stop_lon,zone_id,stop_url,location_type,parent_station,stop_timezone,wheelchair_boarding,platform_code
10,,京王八王子駅,,35.657843,139.343390,,,1,,,,
100,,石川町会館前,,35.681517,139.365247,,,1,,,,
1000,,二分方入口,,35.677657,139.285589,,,1,,,,
1010,,神戸,,35.679414,139.281451,,,1,,,,
1012,,神戸会館入口,,35.680415,139.279056,,,1,,,,
1020,,切通し,,35.681762,139.276709,,,1,,,,
1030,,宝生寺団地入口,,35.680746,139.273745,,,1,,,,
1040,,陵北大橋,,35.683212,139.270182,,,1,,,,
1050,,宝生寺団地,,35.684958,139.266792,,,1,,,,
1051,,団地西,,35.687519,139.264863,,,1,,,,
1052,,自治会館前,,35.688111,139.266165,,,1,,,,
1053,,団地東,,35.688563,139.269481,,,1,,,,
1054,,団地南,,35.685550,139.268472,,,1,,,,
1070,,小田野,,35.678876,139.271300,,,1,,,,
1080,,中小田野,,35.675897,139.268123,,,1,,,,
1081,,小田野中央公園,,35.674617,139.266280,,,1,,,,
1090,,上小田野,,35.673033,139.263973,,,1,,,,
1095,,川原宿大橋,,35.671820,139.260255,,,1,,,,
110,,石川宮下,,35.681077,139.362075,,,1,,,,
1100,,川原宿,,35.671959,139.258829,,,1,,,,
1110,,上川原宿,,35.670288,139.257217,,,1,,,,
1120,,恩方上宿,,35.674025,139.257974,,,1,,,,
1130,,恩方営業所,,35.676868,139.257231,,,1,,,,
1140,,松竹,,35.668680,139.253132,,,1,,,,
1150,,恩方事務所,,35.667298,139.249567,,,1,,,,
1160,,大久保,,35.666611,139.247216,,,1,,,,
1170,,恩方中学校,,35.669073,139.242323,,,1,,,,
1180,,佐戸,,35.667549,139.237079,,,1,,,,
1190,,駒木野,,35.668683,139.234007,,,1,,,,
120,,石川,,35.680973,139.357824,,,1,,,,
1200,,黒沼田,,35.671821,139.230811,,,1,,,,
1210,,狐塚,,35.671853,139.227704,,,1,,,,
1220,,力石,,35.674327,139.221022,,,1,,,,
1230,,宮の下,,35.671349,139.216852,,,1,,,,
1240,,夕焼小焼,,35.670300,139.214386,,,1,,,,
1250,,関場,,35.671220,139.211357,,,1,,,,
1260,,下川井野,,35.670021,139.207010,,,1,,,,
1270,,川井野,,35.668305,139.202742,,,1,,,,
1280,,くぬぎ沢橋,,35.667310,139.193600,,,1,,,,
1290,,下案下,,35.665643,139.193018,,,1,,,,
130,,宇津木台南,,35.685948,139.358424,,,1,,,,
1300,,陣馬高原下,,35.663627,139.189441,,,1,,,,
1301,,中央道八王子バス停下,,35.664889,139.297112,,,1,,,,
1302,,舟田,,35.659301,139.299529,,,1,,,,
1303,,富士森高校,,35.657725,139.302334,,,1,,,,
1304,,桑志高校,,35.655617,139.306477,,,1,,,,
1305,,中央図書館前,,35.657025,139.310714,,,1,,,,
1307,,千人町１丁目,,35.659723,139.315965,,,1,,,,
1310,,タウン入口,,35.668391,139.265438,,,1,,,,
1320,,タウン中央,,35.670191,139.269211,,,1,,,,
1330,,タウン東,,35.671913,139.273453,,,1,,,,
1340,,グリーンタウン高尾,,35.672704,139.274857,,,1,,,,
1341,,高尾の森わくわくビレッジ,,35.672892,139.276050,,,1,,,,
1350,,霊園正門,,35.659911,139.269258,,,1,,,,
1360,,霊園前・八王子城跡入口,,35.656515,139.273934,,,1,,,,
1363,,八王子城跡,,35.656076,139.262089,,,1,,,,
140,,宇津木台中央,,35.688732,139.358650,,,1,,,,
1410,,宮の前,,35.654627,139.275517,,,1,,,,
1420,,鍛冶屋敷,,35.656814,139.280204,,,1,,,,
1430,,元八２丁目,,35.659957,139.282789,,,1,,,,
1440,,元八２丁目北,,35.662858,139.281992,,,1,,,,
1450,,ホーメストタウン,,35.663062,139.278164,,,1,,,,
1451,,ホーメストタウン北,,35.665229,139.274494,,,1,,,,
1452,,けやき公園前,,35.664059,139.272382,,,1,,,,
1453,,熊野神社前,,35.645255,139.285945,,,1,,,,
1454,,浅川原,,35.645937,139.287986,,,1,,,,
1455,,御陵前,,35.647335,139.292305,,,1,,,,
1457,,城山手,,35.656211,139.284449,,,1,,,,
1458,,中央公園,,35.664998,139.275949,,,1,,,,
1459,,とちのき公園,,35.662862,139.274749,,,1,,,,
1460,,石神坂,,35.662848,139.284835,,,1,,,,
1470,,元八１丁目,,35.665621,139.288771,,,1,,,,
1480,,慈根寺,,35.669291,139.292543,,,1,,,,
1490,,元八事務所,,35.671560,139.293273,,,1,,,,
1500,,霞ヶ丘住宅,,35.651937,139.276902,,,1,,,,
1505,,ｺﾝｾｰﾙ住宅,,35.653577,139.273285,,,1,,,,
1510,,高尾台中央,,35.651419,139.269138,,,1,,,,
1520,,高尾台住宅,,35.647763,139.266699,,,1,,,,
1530,,高尾駅北口,,35.642826,139.281758,,,1,,,,
1531,,森林科学園,,35.646008,139.280299,,,1,,,,
1532,,八王子霊園南門,,35.657697,139.268321,,,1,,,,
1540,,高尾駅南口,,35.641519,139.283706,,,1,,,,
1550,,元木,,35.679755,139.267869,,,1,,,,
1560,,上野原,,35.679436,139.262309,,,1,,,,
1570,,縄切,,35.682597,139.258883,,,1,,,,
1580,,萩園,,35.684630,139.254993,,,1,,,,
1590,,御屋敷入口,,35.686270,139.252910,,,1,,,,
1595,,馬込松木,,35.688568,139.251249,,,1,,,,
160,,平町,,35.689898,139.355695,,,1,,,,
1600,,美山小学校,,35.689864,139.249010,,,1,,,,
1610,,小足,,35.693274,139.242786,,,1,,,,
1620,,美山工業団地,,35.695457,139.240281,,,1,,,,
1630,,仲井,,35.698399,139.238300,,,1,,,,
1640,,二本杉,,35.700420,139.234938,,,1,,,,
1650,,美山町,,35.703018,139.230279,,,1,,,,
1660,,恩方ターミナル,,35.679732,139.259067,,,1,,,,
1681,,小津自由乗降,,35.678018,139.254287,,,1,,,,
170,,宇津木台,,35.689421,139.352865,,,1,,,,
1710,,小津町,,35.678558,139.232440,,,1,,,,
1720,,東楢原,,35.675921,139.313193,,,1,,,,
1740,,丹木１丁目,,35.693980,139.331385,,,1,,,,
1750,,丹木２丁目,,35.695415,139.328958,,,1,,,,
1760,,滝山城址下,,35.697352,139.325108,,,1,,,,
1770,,加住町一丁目,,35.698668,139.321219,,,1,,,,
1780,,加住小学校,,35.700598,139.317472,,,1,,,,
1790,,宮下橋,,35.702612,139.312369,,,1,,,,
180,,宇津木台東,,35.689519,139.361493,,,1,,,,
1800,,東宮下,,35.704385,139.308959,,,1,,,,
1810,,宮下・杏林大学入口,,35.705421,139.305836,,,1,,,,
1830,,下戸吹,,35.705877,139.304060,,,1,,,,
1840,,落合橋,,35.706841,139.300672,,,1,,,,
1850,,戸吹,,35.707731,139.296903,,,1,,,,
1851,,戸吹町交差点,,35.707748,139.296448,,,1,,,,
1860,,上戸吹,,35.709486,139.290882,,,1,,,,
1870,,秋留橋,,35.715084,139.284191,,,1,,,,
1880,,サマーランド,,35.717528,139.277689,,,1,,,,
1890,,神社前,,35.677516,139.311365,,,1,,,,
190,,多摩大橋,,35.690106,139.368761,,,1,,,,
1900,,一本松,,35.679828,139.308163,,,1,,,,
1910,,楢原町,,35.682218,139.305043,,,1,,,,
1920,,佐貫,,35.686263,139.304644,,,1,,,,
1930,,犬目,,35.689038,139.305038,,,1,,,,
1940,,谷戸,,35.692550,139.304876,,,1,,,,
1950,,ゴルフ場入口,,35.698986,139.297934,,,1,,,,
1960,,唐松,,35.684948,139.300404,,,1,,,,
1965,,川口やまゆり館,,35.685780,139.298225,,,1,,,,
1970,,桜株,,35.686704,139.295315,,,1,,,,
1980,,新川口,,35.687530,139.291392,,,1,,,,
1990,,榎木,,35.688555,139.287411,,,1,,,,
20,,明神町,,35.660221,139.346595,,,1,,,,
200,,小宮町,,35.688881,139.372852,,,1,,,,
2000,,上榎木,,35.690061,139.284706,,,1,,,,
2010,,川口小学校,,35.691283,139.282482,,,1,,,,
2020,,川口事務所,,35.693551,139.279542,,,1,,,,
2030,,川口橋,,35.695664,139.277446,,,1,,,,
2040,,影沢,,35.696949,139.273744,,,1,,,,
2045,,圏央道上川橋,,35.698384,139.270131,,,1,,,,
2050,,ＧＭＧゴルフ場,,35.699189,139.268033,,,1,,,,
2060,,森下,,35.700062,139.264001,,,1,,,,
2070,,戸沢,,35.702221,139.258700,,,1,,,,
2090,,田守神社前,,35.704060,139.254539,,,1,,,,
210,,小宮町東,,35.687424,139.376695,,,1,,,,
2100,,同友会ホーム,,35.706247,139.255338,,,1,,,,
2110,,上川霊園,,35.709098,139.256008,,,1,,,,
2120,,新清水橋,,35.679255,139.315693,,,1,,,,
2130,,中野市民センター,,35.681535,139.317816,,,1,,,,
2140,,工学院大学,,35.683531,139.319135,,,1,,,,
2150,,工学院大学西,,35.682635,139.316810,,,1,,,,
2160,,甲の原,,35.684869,139.312425,,,1,,,,
2170,,下犬目,,35.686303,139.310239,,,1,,,,
2180,,陶鎔小学校,,35.688530,139.308098,,,1,,,,
2190,,中犬目,,35.689391,139.306541,,,1,,,,
220,,栄町５丁目,,35.684477,139.381731,,,1,,,,
2200,,花川,,35.672872,139.301796,,,1,,,,
221,,栄町５丁目北,,35.685009,139.381954,,,1,,,,
2210,,泉町,,35.675090,139.300992,,,1,,,,
222,,東光寺団地入口,,35.684107,139.387719,,,1,,,,
2220,,泉町住宅,,35.676705,139.299651,,,1,,,,
223,,東光寺駐在,,35.683272,139.392143,,,1,,,,
2230,,松枝橋,,35.682061,139.301756,,,1,,,,
2231,,松枝住宅,,35.681716,139.294026,,,1,,,,
224,,薬王寺,,35.681611,139.394002,,,1,,,,
2250,,上川口小学校,,35.705121,139.249770,,,1,,,,
2260,,久保橋,,35.705332,139.246620,,,1,,,,
2271,,帝京八王子高校入口,,35.705970,139.244598,,,1,,,,
2280,,糀谷,,35.708925,139.241416,,,1,,,,
2290,,今熊,,35.711071,139.236594,,,1,,,,
230,,東光寺小入口,,35.683072,139.385399,,,1,,,,
2301,,今熊山登山口,,35.711998,139.234290,,,1,,,,
2310,,小峰公園,,35.719995,139.232065,,,1,,,,
2320,,留原,,35.723112,139.232147,,,1,,,,
2330,,小林坂,,35.724922,139.231362,,,1,,,,
2350,,秋川橋,,35.729977,139.228507,,,1,,,,
2370,,東町,,35.729646,139.224760,,,1,,,,
2380,,五日市,,35.728560,139.223353,,,1,,,,
2390,,上町,,35.727762,139.220914,,,1,,,,
240,,栄町４丁目,,35.682135,139.389356,,,1,,,,
2400,,五日市高校,,35.727879,139.218108,,,1,,,,
2410,,東小中野,,35.727065,139.212792,,,1,,,,
2420,,西小中野,,35.726630,139.211246,,,1,,,,
2430,,沢戸橋,,35.725118,139.206413,,,1,,,,
2440,,戸倉,,35.727209,139.205425,,,1,,,,
2450,,西戸倉,,35.730364,139.201293,,,1,,,,
2460,,坂下,,35.730263,139.198660,,,1,,,,
2470,,十里木,,35.728011,139.191508,,,1,,,,
2480,,追分,,35.726652,139.184547,,,1,,,,
2489,,乙津花の里,,35.726458,139.181086,,,1,,,,
2490,,荷田子,,35.724890,139.181151,,,1,,,,
2491,,秋川渓谷瀬音の湯,,35.727504,139.187136,,,1,,,,
2493,,コテージ森林村,,35.723268,139.177074,,,1,,,,
250,,日野駅,,35.679011,139.393119,,,1,,,,
2500,,畔荷田,,35.723710,139.172624,,,1,,,,
2510,,和田向,,35.723695,139.160202,,,1,,,,
2520,,鬼切,,35.725855,139.157245,,,1,,,,
2530,,元郷,,35.725736,139.153353,,,1,,,,
2540,,山王前,,35.726168,139.150759,,,1,,,,
2550,,本宿役場前,,35.726649,139.148341,,,1,,,,
2560,,中本宿,,35.727954,139.146659,,,1,,,,
2570,,払沢の滝入口,,35.729511,139.143820,,,1,,,,
2580,,檜原小前,,35.732056,139.143760,,,1,,,,
2590,,千足,,35.737838,139.143592,,,1,,,,
260,,宇津木,,35.680492,139.354570,,,1,,,,
2600,,中里,,35.739482,139.138794,,,1,,,,
2610,,白倉,,35.740446,139.135028,,,1,,,,
2620,,郷土資料館,,35.743498,139.129710,,,1,,,,
2630,,神戸岩入口,,35.742920,139.125665,,,1,,,,
2640,,小沢（檜原森のおもちゃ美術館）,,35.736891,139.122472,,,1,,,,
2650,,宝蔵寺,,35.735560,139.125217,,,1,,,,
2660,,夏地（ひのはらファクトリー）,,35.733851,139.124710,,,1,,,,
2670,,小和田坂,,35.733445,139.116350,,,1,,,,
2680,,下川,,35.733886,139.112810,,,1,,,,
2690,,小岩,,35.731776,139.110309,,,1,,,,
270,,大谷北,,35.677842,139.354463,,,1,,,,
2700,,竹窪,,35.732769,139.102348,,,1,,,,
2710,,笹久保,,35.734115,139.100648,,,1,,,,
2720,,山王坂下,,35.734708,139.097516,,,1,,,,
2730,,尾崎橋,,35.737561,139.090794,,,1,,,,
2740,,竹の沢,,35.738615,139.086781,,,1,,,,
2750,,下除毛,,35.740166,139.084034,,,1,,,,
2760,,藤倉,,35.740384,139.081849,,,1,,,,
2770,,吉祥滝,,35.725603,139.147287,,,1,,,,
2780,,馬場,,35.715506,139.151079,,,1,,,,
2790,,笹野,,35.712936,139.148995,,,1,,,,
280,,バイパス大谷,,35.673003,139.353437,,,1,,,,
2800,,笹平,,35.707094,139.153213,,,1,,,,
2810,,宮の沢,,35.704985,139.144734,,,1,,,,
2820,,柏木野,,35.702273,139.140583,,,1,,,,
2830,,出畑,,35.702728,139.132039,,,1,,,,
2840,,南郷,,35.702613,139.128640,,,1,,,,
2850,,京岳,,35.704755,139.124761,,,1,,,,
2860,,下川乗,,35.704822,139.121280,,,1,,,,
2870,,上川乗,,35.703512,139.112856,,,1,,,,
2880,,下和田,,35.710644,139.092577,,,1,,,,
2890,,人里,,35.712737,139.089466,,,1,,,,
290,,団地入口,,35.669043,139.353475,,,1,,,,
2900,,西川橋,,35.713571,139.086407,,,1,,,,
2910,,戸貫久保,,35.713852,139.079893,,,1,,,,
2930,,笛吹入口,,35.713231,139.077326,,,1,,,,
2940,,手打前,,35.716547,139.074751,,,1,,,,
2950,,数馬下,,35.719922,139.065779,,,1,,,,
2960,,浅間尾根登山口,,35.723597,139.062843,,,1,,,,
2970,,下平,,35.724352,139.057950,,,1,,,,
2980,,温泉センター,,35.724470,139.054029,,,1,,,,
30,,大和田,,35.662256,139.349739,,,1,,,,
3000,,仲の平,,35.725242,139.051725,,,1,,,,
3010,,数馬,,35.726582,139.047779,,,1,,,,
3020,,落合橋,,35.729485,139.188688,,,1,,,,
3040,,札立,,35.730310,139.184227,,,1,,,,
3060,,軍道,,35.733621,139.183211,,,1,,,,
3080,,秋川国際マス釣場,,35.735210,139.186663,,,1,,,,
3090,,曾利郷橋,,35.737244,139.188649,,,1,,,,
310,,大和田団地,,35.668360,139.352635,,,1,,,,
3100,,本須,,35.741065,139.190165,,,1,,,,
3120,,怒田畑,,35.744680,139.189224,,,1,,,,
3130,,海入道,,35.746069,139.185862,,,1,,,,
3140,,宝沢,,35.747875,139.184879,,,1,,,,
3150,,木和田平,,35.751802,139.182021,,,1,,,,
3160,,神谷,,35.754949,139.178769,,,1,,,,
3170,,三つ合,,35.755419,139.171887,,,1,,,,
3180,,大岳鍾乳洞入口,,35.758787,139.170428,,,1,,,,
3190,,上養沢,,35.760172,139.171434,,,1,,,,
320,,大和田小学校,,35.666449,139.353536,,,1,,,,
3200,,武蔵五日市駅,,35.732250,139.228499,,,1,,,,
321,,大和田小学校前歩道橋,,35.665339,139.353981,,,1,,,,
3210,,舘谷,,35.730641,139.231336,,,1,,,,
3220,,下舘谷,,35.729642,139.234420,,,1,,,,
3230,,五日市高尾,,35.728825,139.239730,,,1,,,,
3240,,伊奈坂上,,35.728118,139.244607,,,1,,,,
3250,,伊奈,,35.727320,139.246791,,,1,,,,
3260,,伊奈新宿,,35.726592,139.250892,,,1,,,,
3270,,網代入口,,35.726561,139.253864,,,1,,,,
3280,,山田,,35.726451,139.260298,,,1,,,,
3290,,東山田,,35.725889,139.263440,,,1,,,,
330,,大和田団地下,,35.666698,139.348842,,,1,,,,
3300,,引田,,35.725799,139.266487,,,1,,,,
3310,,原店,,35.725559,139.271328,,,1,,,,
3320,,渕上,,35.725989,139.275680,,,1,,,,
3330,,代継,,35.727486,139.282120,,,1,,,,
3340,,油平北,,35.727268,139.288473,,,1,,,,
3350,,油平,,35.721792,139.286917,,,1,,,,
3360,,牛沼,,35.722278,139.287356,,,1,,,,
3370,,秋川キララホール入口,,35.731546,139.286628,,,1,,,,
3371,,あきる野保健相談所,,35.728719,139.289912,,,1,,,,
3380,,あきる野市役所秋川庁舎,,35.728583,139.294668,,,1,,,,
3390,,東秋留駅上,,35.728704,139.311378,,,1,,,,
340,,大和田７丁目,,35.667614,139.344633,,,1,,,,
3400,,東中学校入口,,35.728833,139.303172,,,1,,,,
3410,,ファーマーズセンター,,35.728938,139.307639,,,1,,,,
3420,,二の宮,,35.727119,139.318702,,,1,,,,
3421,,二宮本宿,,35.727716,139.317162,,,1,,,,
3440,,野辺,,35.724246,139.311165,,,1,,,,
3460,,日室塚,,35.723019,139.304613,,,1,,,,
3470,,東雨間,,35.722789,139.300393,,,1,,,,
3490,,昭和橋,,35.723850,139.318757,,,1,,,,
3500,,小川,,35.720505,139.318091,,,1,,,,
3501,,西小川,,35.721129,139.315574,,,1,,,,
3502,,野辺南,,35.722028,139.311208,,,1,,,,
3503,,雨間,,35.721859,139.297994,,,1,,,,
3504,,南雨間,,35.715436,139.298461,,,1,,,,
3510,,東秋川橋,,35.716255,139.318255,,,1,,,,
3520,,高月,,35.715158,139.319127,,,1,,,,
3530,,高月集会所前,,35.713823,139.320654,,,1,,,,
3540,,高月整形外科病院,,35.711596,139.321528,,,1,,,,
3550,,滝,,35.707714,139.325557,,,1,,,,
3560,,多摩橋,,35.731895,139.320301,,,1,,,,
3570,,市営プール,,35.733414,139.322307,,,1,,,,
3580,,中福生,,35.734836,139.324889,,,1,,,,
360,,八王子郵便局,,35.666419,139.340954,,,1,,,,
3600,,長沢,,35.740872,139.324158,,,1,,,,
3610,,福生駅,,35.741945,139.327793,,,1,,,,
3620,,玉見ヶ崎,,35.720089,139.322454,,,1,,,,
3630,,睦橋,,35.719883,139.328918,,,1,,,,
3640,,内出,,35.719935,139.333635,,,1,,,,
3670,,拝島駅,,35.720744,139.342984,,,1,,,,
370,,浅川大橋南,,35.663194,139.339797,,,1,,,,
3700,,小荷田,,35.715994,139.339275,,,1,,,,
3710,,上宿,,35.712421,139.338135,,,1,,,,
3720,,啓明学園,,35.708487,139.339339,,,1,,,,
3730,,拝島会館,,35.706842,139.341785,,,1,,,,
3740,,拝島第一小学校,,35.705621,139.343682,,,1,,,,
3750,,拝島大師,,35.704517,139.346555,,,1,,,,
3760,,拝島河原,,35.701437,139.347902,,,1,,,,
3770,,拝島橋,,35.694258,139.345741,,,1,,,,
3780,,西武滝山台,,35.690395,139.348131,,,1,,,,
3790,,永田橋,,35.739673,139.321170,,,1,,,,
380,,横山町,,35.659752,139.338089,,,1,,,,
3800,,花之岡,,35.738370,139.315636,,,1,,,,
381,,桑並木通り,,35.659783,139.339486,,,1,,,,
3810,,下草花,,35.738533,139.310413,,,1,,,,
3820,,草花,,35.738455,139.305134,,,1,,,,
3830,,門前,,35.738511,139.302715,,,1,,,,
3840,,あきる野市民球場,,35.738704,139.300179,,,1,,,,
3841,,瀬戸岡御堂橋,,35.738914,139.297381,,,1,,,,
3850,,小宮久保橋,,35.741420,139.293564,,,1,,,,
3860,,菅瀬橋,,35.742252,139.289990,,,1,,,,
3870,,神明森,,35.737031,139.290213,,,1,,,,
3880,,西瀬戸岡,,35.735405,139.290794,,,1,,,,
3890,,瀬戸岡,,35.735796,139.292949,,,1,,,,
390,,八王子駅北口,,35.656665,139.339119,,,1,,,,
3900,,代田橋,,35.736982,139.296004,,,1,,,,
40,,大和田坂下,,35.663032,139.353765,,,1,,,,
400,,横山町３丁目,,35.659882,139.334710,,,1,,,,
4000,,秋川駅,,35.728470,139.287018,,,1,,,,
4010,,尾崎観音,,35.742020,139.283756,,,1,,,,
4020,,尾崎,,35.742032,139.280123,,,1,,,,
4030,,三吉野,,35.741331,139.277300,,,1,,,,
4040,,下平井,,35.740266,139.273554,,,1,,,,
4050,,中平井,,35.740244,139.269862,,,1,,,,
4080,,日の出福祉園前,,35.734352,139.281011,,,1,,,,
4081,,イオンモール日の出,,35.733922,139.275606,,,1,,,,
4082,,秋川３丁目,,35.734458,139.284648,,,1,,,,
4090,,阿伎留医療センター,,35.732340,139.271917,,,1,,,,
410,,八日町１丁目,,35.660003,139.332445,,,1,,,,
4100,,上平井,,35.740702,139.266378,,,1,,,,
4110,,塩沢寳光寺前,,35.741405,139.262655,,,1,,,,
4120,,文化の森入口,,35.742521,139.258006,,,1,,,,
4130,,日の出折返場,,35.742560,139.253343,,,1,,,,
4140,,落合,,35.743752,139.248374,,,1,,,,
4150,,諏訪下橋,,35.743986,139.245049,,,1,,,,
4160,,羽生,,35.743318,139.240804,,,1,,,,
4170,,多摩聖地霊園前（萓窪）,,35.744929,139.236524,,,1,,,,
4180,,幸神,,35.744410,139.233067,,,1,,,,
4190,,大久野中学校,,35.743076,139.230435,,,1,,,,
420,,八日町４丁目,,35.660347,139.329467,,,1,,,,
4200,,小机,,35.737327,139.228611,,,1,,,,
4210,,小机坂下,,35.733520,139.230365,,,1,,,,
4220,,新井,,35.746599,139.229208,,,1,,,,
4230,,岩井橋,,35.749219,139.227792,,,1,,,,
4240,,岩井,,35.752878,139.226509,,,1,,,,
4250,,石山前,,35.754910,139.224835,,,1,,,,
4260,,東細尾,,35.757060,139.219963,,,1,,,,
4270,,細尾,,35.758447,139.215827,,,1,,,,
4280,,西細尾,,35.762394,139.214244,,,1,,,,
430,,織物組合,,35.660513,139.326198,,,1,,,,
4300,,奈都地橋,,35.767469,139.206483,,,1,,,,
4310,,肝要,,35.770611,139.205593,,,1,,,,
4320,,慶福寺,,35.773172,139.204824,,,1,,,,
4330,,一の護王下,,35.773693,139.202448,,,1,,,,
4340,,白岩滝,,35.774052,139.198860,,,1,,,,
4350,,松尾,,35.775207,139.195593,,,1,,,,
4351,,つるつる温泉,,35.779792,139.192156,,,1,,,,
4352,,武蔵引田駅入口,,35.730135,139.271049,,,1,,,,
4360,,若宮,,35.745902,139.290167,,,1,,,,
4370,,鯉川橋,,35.748161,139.290064,,,1,,,,
4380,,下菅生,,35.750546,139.290165,,,1,,,,
4390,,恵明学園前,,35.768774,139.294483,,,1,,,,
440,,本郷横丁,,35.660867,139.323307,,,1,,,,
4400,,友田,,35.771503,139.292140,,,1,,,,
4410,,菅生,,35.754323,139.287949,,,1,,,,
4420,,菅生学園学びの城,,35.757108,139.285776,,,1,,,,
4430,,上菅生,,35.756574,139.283784,,,1,,,,
4440,,菅生高校,,35.757252,139.279231,,,1,,,,
4450,,小作坂下,,35.772149,139.296782,,,1,,,,
450,,追分,,35.660896,139.319615,,,1,,,,
4570,,小作坂上,,35.773577,139.301726,,,1,,,,
4580,,小作駅入口,,35.776904,139.305244,,,1,,,,
4590,,小作駅東口,,35.776622,139.302262,,,1,,,,
460,,日吉町,,35.661501,139.314398,,,1,,,,
461,,日吉八王子神社入口,,35.660804,139.313735,,,1,,,,
4620,,栄町２丁目,,35.770018,139.309631,,,1,,,,
4630,,羽村市役所,,35.767553,139.311415,,,1,,,,
4660,,羽村駅東口,,35.758752,139.316223,,,1,,,,
470,,水無瀬橋,,35.661957,139.312006,,,1,,,,
4720,,末広町１丁目,,35.777433,139.312485,,,1,,,,
4730,,住友前,,35.778676,139.314852,,,1,,,,
4740,,新町東,,35.781292,139.316568,,,1,,,,
4750,,中原,,35.783233,139.317847,,,1,,,,
4751,,中原北,,35.786712,139.317576,,,1,,,,
4760,,青梅新町,,35.788393,139.317672,,,1,,,,
4770,,日立前,,35.789830,139.320929,,,1,,,,
4775,,太陽誘電モバテク前,,35.791841,139.322814,,,1,,,,
4780,,物見塚,,35.792994,139.321355,,,1,,,,
4785,,昭洋工業,,35.794009,139.320082,,,1,,,,
4790,,三ツ原工業会館,,35.796785,139.313034,,,1,,,,
4800,,今井３丁目,,35.796048,139.310228,,,1,,,,
4810,,三ツ原西,,35.794993,139.308594,,,1,,,,
4820,,畜産試験場,,35.791296,139.309365,,,1,,,,
4830,,平松北,,35.785249,139.309083,,,1,,,,
4831,,平松,,35.784555,139.309117,,,1,,,,
4840,,平松南,,35.782970,139.308274,,,1,,,,
4860,,末広二丁目西,,35.780365,139.306767,,,1,,,,
4870,,産業道路,,35.779310,139.308203,,,1,,,,
4890,,西東京バス青梅支所,,35.777964,139.310775,,,1,,,,
490,,西八王子駅,,35.657177,139.312855,,,1,,,,
4910,,誠明学園,,35.781480,139.303073,,,1,,,,
4911,,霞町新町,,35.787809,139.303158,,,1,,,,
4912,,新町南公園,,35.780301,139.304603,,,1,,,,
4913,,新町４丁目,,35.785007,139.303115,,,1,,,,
4920,,宮の前,,35.791376,139.303379,,,1,,,,
4930,,今寺,,35.793589,139.303716,,,1,,,,
4940,,藤橋小学校,,35.798350,139.304574,,,1,,,,
4950,,八雲神社,,35.800954,139.305244,,,1,,,,
4960,,藤橋,,35.803235,139.305481,,,1,,,,
4970,,七日市場,,35.804858,139.306419,,,1,,,,
4980,,峠下,,35.808286,139.303392,,,1,,,,
4990,,市営住宅,,35.808547,139.300808,,,1,,,,
50,,石川入口,,35.663110,139.356221,,,1,,,,
500,,横川,,35.664185,139.305215,,,1,,,,
5000,,木野下神社,,35.807387,139.297126,,,1,,,,
5010,,木野下,,35.805658,139.294181,,,1,,,,
5020,,谷野,,35.803248,139.290166,,,1,,,,
5030,,塩船観音入口,,35.801902,139.288065,,,1,,,,
5040,,青梅慶友病院,,35.799359,139.287872,,,1,,,,
5050,,霞橋,,35.796949,139.289207,,,1,,,,
5060,,ＪＡ西東京,,35.794433,139.291656,,,1,,,,
5070,,看護学校入口,,35.792629,139.292695,,,1,,,,
5080,,青梅看護専門学校,,35.792896,139.295801,,,1,,,,
5081,,野上町３丁目,,35.790878,139.291787,,,1,,,,
5082,,大門,,35.791131,139.294566,,,1,,,,
5090,,霞台第二住宅,,35.790592,139.288317,,,1,,,,
510,,三村橋,,35.666955,139.302618,,,1,,,,
5110,,河辺北,,35.789534,139.286812,,,1,,,,
5120,,河辺駅北口,,35.784564,139.285334,,,1,,,,
5130,,小作駅西口,,35.776020,139.301569,,,1,,,,
5170,,河辺駅入口,,35.787949,139.286760,,,1,,,,
5180,,河辺駅南口,,35.784001,139.284708,,,1,,,,
5200,,東青梅４丁目,,35.785491,139.279445,,,1,,,,
5220,,東青梅駅,,35.789825,139.272194,,,1,,,,
5270,,住吉神社前,,35.788760,139.260937,,,1,,,,
5280,,千ヶ瀬,,35.785447,139.265060,,,1,,,,
5300,,上長渕,,35.782383,139.264486,,,1,,,,
5320,,青梅第二小学校,,35.779724,139.271023,,,1,,,,
5321,,玉川神社前,,35.778524,139.272848,,,1,,,,
5340,,中郷,,35.781381,139.267655,,,1,,,,
5350,,長渕駐在,,35.777600,139.274775,,,1,,,,
5360,,万場坂,,35.776497,139.277898,,,1,,,,
5361,,長渕１丁目,,35.775423,139.279992,,,1,,,,
5370,,四谷橋,,35.774285,139.282516,,,1,,,,
5380,,四谷,,35.772995,139.284807,,,1,,,,
5390,,友田神社,,35.772189,139.286624,,,1,,,,
540,,元本郷１丁目,,35.664525,139.321669,,,1,,,,
5400,,友田南,,35.771571,139.289065,,,1,,,,
5410,,長渕４丁目,,35.781634,139.272678,,,1,,,,
5420,,千ヶ瀬２丁目,,35.785454,139.272926,,,1,,,,
5430,,青梅駅,,35.790008,139.258355,,,1,,,,
550,,八王子警察署前,,35.664818,139.318673,,,1,,,,
5520,,宮の平駅,,35.787528,139.237712,,,1,,,,
5560,,日向和田駅,,35.788273,139.229438,,,1,,,,
5580,,石神前駅,,35.796401,139.223999,,,1,,,,
560,,市役所入口,,35.665140,139.315420,,,1,,,,
561,,市役所南,,35.664645,139.314615,,,1,,,,
5620,,二俣尾駅,,35.804300,139.215381,,,1,,,,
5630,,軍畑駅入口,,35.805746,139.206994,,,1,,,,
5650,,沢井駅入口,,35.804734,139.192827,,,1,,,,
5680,,御岳駅,,35.801287,139.183678,,,1,,,,
5690,,払沢,,35.799718,139.182099,,,1,,,,
570,,住宅中央,,35.667547,139.309782,,,1,,,,
5700,,檜沢,,35.798873,139.178521,,,1,,,,
5710,,中野,,35.802100,139.174558,,,1,,,,
5720,,琴沢橋,,35.798267,139.168983,,,1,,,,
5730,,ｹｰﾌﾞﾙ下,,35.796646,139.162607,,,1,,,,
5740,,川井駅,,35.813069,139.162727,,,1,,,,
5760,,竹の花,,35.815266,139.162224,,,1,,,,
5780,,蝉沢,,35.821121,139.161551,,,1,,,,
5790,,塔の沢,,35.821324,139.161644,,,1,,,,
580,,住宅北,,35.668952,139.306545,,,1,,,,
5800,,南平,,35.827194,139.164353,,,1,,,,
5810,,北川橋,,35.828940,139.165389,,,1,,,,
5830,,八桑,,35.830241,139.165189,,,1,,,,
5840,,日向,,35.831926,139.163790,,,1,,,,
5850,,北上橋,,35.832953,139.162752,,,1,,,,
5860,,上日向,,35.836403,139.161815,,,1,,,,
5870,,小中茶屋,,35.840323,139.158323,,,1,,,,
5880,,小山,,35.841530,139.156651,,,1,,,,
5890,,清東橋,,35.843714,139.153865,,,1,,,,
590,,横川町住宅,,35.667874,139.304114,,,1,,,,
5900,,八雲,,35.810239,139.161876,,,1,,,,
5910,,松葉,,35.809699,139.158802,,,1,,,,
5920,,桜木,,35.815767,139.154089,,,1,,,,
5930,,古里駅,,35.815770,139.151269,,,1,,,,
5940,,古里郵便局,,35.815765,139.149540,,,1,,,,
5950,,大神,,35.815216,139.144663,,,1,,,,
5960,,古里付,,35.815905,139.141798,,,1,,,,
5970,,清見ヶ丘,,35.815775,139.138718,,,1,,,,
5990,,将門,,35.813478,139.133934,,,1,,,,
60,,北八王子駅入口,,35.668092,139.358961,,,1,,,,
600,,大横町,,35.662535,139.329318,,,1,,,,
6000,,鳩の巣,,35.814986,139.129431,,,1,,,,
6010,,白丸,,35.811682,139.115513,,,1,,,,
6021,,初縄田,,35.804781,139.110139,,,1,,,,
6022,,神庭,,35.802017,139.108531,,,1,,,,
6023,,奥多摩中学校,,35.804470,139.101134,,,1,,,,
6030,,奥多摩駅,,35.809052,139.096529,,,1,,,,
6040,,南一丁目,,35.807836,139.095663,,,1,,,,
6050,,下栃久保,,35.809652,139.094776,,,1,,,,
6060,,栃久保,,35.812273,139.094627,,,1,,,,
6070,,寺地,,35.817627,139.086317,,,1,,,,
6080,,不老,,35.821354,139.082329,,,1,,,,
6090,,大沢,,35.823940,139.077506,,,1,,,,
610,,サイエンスドーム,,35.664397,139.329709,,,1,,,,
6100,,白妙橋,,35.829595,139.075711,,,1,,,,
6110,,川乗橋,,35.831766,139.076314,,,1,,,,
6120,,神庭沢,,35.838262,139.073292,,,1,,,,
6130,,桜平,,35.838762,139.070065,,,1,,,,
6140,,倉沢,,35.840501,139.065659,,,1,,,,
6150,,岩松尾根,,35.842027,139.062792,,,1,,,,
6160,,一原,,35.842209,139.048266,,,1,,,,
6170,,東日原,,35.841720,139.044515,,,1,,,,
6180,,中日原,,35.841144,139.040833,,,1,,,,
6190,,鍾乳洞,,35.848109,139.037567,,,1,,,,
620,,浅川橋,,35.666740,139.330342,,,1,,,,
6200,,南二丁目,,35.806365,139.095180,,,1,,,,
6210,,南三丁目,,35.806009,139.094835,,,1,,,,
6220,,弁天峡,,35.803914,139.092374,,,1,,,,
6230,,笹平橋,,35.801071,139.090470,,,1,,,,
6240,,病院前,,35.800836,139.088689,,,1,,,,
6250,,琴浦,,35.801783,139.086848,,,1,,,,
6260,,桧村,,35.800184,139.084598,,,1,,,,
6270,,橋詰,,35.799081,139.083092,,,1,,,,
6280,,境橋,,35.797912,139.078098,,,1,,,,
6290,,梅久保,,35.793676,139.073062,,,1,,,,
6291,,惣岳,,35.794440,139.069725,,,1,,,,
630,,川口川橋,,35.669546,139.331085,,,1,,,,
631,,大和田暁通り,,35.669947,139.332264,,,1,,,,
6310,,板小屋,,35.794261,139.063244,,,1,,,,
6320,,桃ヶ沢,,35.793856,139.059246,,,1,,,,
6330,,中山,,35.794303,139.056966,,,1,,,,
6340,,滝のり沢,,35.794089,139.051850,,,1,,,,
6350,,水根,,35.793926,139.047204,,,1,,,,
6360,,奥多摩湖,,35.792495,139.048490,,,1,,,,
6370,,大麦代,,35.789559,139.042470,,,1,,,,
6380,,日村沢,,35.786576,139.042531,,,1,,,,
6390,,倉戸口,,35.784221,139.044548,,,1,,,,
640,,稲荷坂下,,35.670981,139.331484,,,1,,,,
6400,,熱海,,35.784230,139.041566,,,1,,,,
6410,,出野,,35.783118,139.036149,,,1,,,,
6420,,湯場,,35.784791,139.033344,,,1,,,,
6430,,女の湯,,35.782616,139.028373,,,1,,,,
6440,,あずまい,,35.781140,139.024761,,,1,,,,
6450,,坂本園地,,35.781537,139.021281,,,1,,,,
6460,,峰谷橋,,35.779837,139.016087,,,1,,,,
6461,,峰谷入口,,35.780342,139.016071,,,1,,,,
6470,,小河内神社・麦山浮橋,,35.777654,139.015047,,,1,,,,
6480,,麦山,,35.778586,139.012014,,,1,,,,
6490,,麦山橋,,35.779218,139.008893,,,1,,,,
650,,馬場谷戸,,35.678163,139.333419,,,1,,,,
6500,,大津久,,35.778474,139.004299,,,1,,,,
6510,,中奥多摩湖,,35.777064,139.002708,,,1,,,,
6520,,深山橋,,35.775406,139.000736,,,1,,,,
6530,,坂本,,35.783352,139.015663,,,1,,,,
6540,,学校前,,35.786134,139.014863,,,1,,,,
6550,,雲風呂,,35.787937,139.014029,,,1,,,,
6560,,雨降り,,35.792372,139.011542,,,1,,,,
6570,,下り,,35.793355,139.006448,,,1,,,,
6580,,峰谷渓流釣場,,35.794220,139.004634,,,1,,,,
6590,,峰谷,,35.794745,139.001926,,,1,,,,
660,,村内ﾌｧﾆﾁｬｰｱｸｾｽ,,35.678738,139.337089,,,1,,,,
6600,,陣屋,,35.774120,138.998470,,,1,,,,
6610,,庄の指,,35.762806,138.993172,,,1,,,,
6620,,金風呂,,35.762128,138.985604,,,1,,,,
6630,,玉川,,35.761044,138.980318,,,1,,,,
6631,,東部森林公園,,35.760391,138.975970,,,1,,,,
6640,,余沢,,35.760324,138.971858,,,1,,,,
6650,,棚沢橋,,35.759113,138.959423,,,1,,,,
6660,,平山,,35.757450,138.953661,,,1,,,,
6670,,田元橋,,35.758764,138.947665,,,1,,,,
6680,,小菅村村営ﾌｧﾐﾘｰ釣場,,35.759462,138.945788,,,1,,,,
6690,,池の尻,,35.759662,138.942569,,,1,,,,
670,,尾崎,,35.681173,139.343761,,,1,,,,
6700,,小菅役場前,,35.759790,138.940713,,,1,,,,
6723,,田元,,35.757437,138.946235,,,1,,,,
6725,,小菅の湯,,35.754275,138.949830,,,1,,,,
6730,,小留浦,,35.777113,138.995431,,,1,,,,
6740,,坪沢橋,,35.775691,138.991862,,,1,,,,
6750,,留浦,,35.778011,138.990209,,,1,,,,
6760,,小袖川,,35.780913,138.985687,,,1,,,,
6770,,鴨沢,,35.779786,138.984378,,,1,,,,
6780,,諸畑橋,,35.779859,138.979540,,,1,,,,
6790,,鴨沢西,,35.782556,138.977266,,,1,,,,
680,,左入,,35.684858,139.346157,,,1,,,,
6800,,所畑,,35.784430,138.974526,,,1,,,,
6810,,お祭,,35.785741,138.967622,,,1,,,,
6820,,親川,,35.788121,138.961701,,,1,,,,
6830,,保之瀬,,35.787924,138.944972,,,1,,,,
6840,,上保之瀬,,35.788566,138.944232,,,1,,,,
6850,,小室,,35.789002,138.932311,,,1,,,,
6870,,押垣外,,35.787928,138.928115,,,1,,,,
6871,,丹波山温泉,,35.790109,138.923873,,,1,,,,
6880,,丹波小学校,,35.790818,138.921589,,,1,,,,
6890,,中宿,,35.791112,138.919467,,,1,,,,
690,,竜光寺,,35.682854,139.350062,,,1,,,,
6900,,丹波山村役場,,35.791505,138.917935,,,1,,,,
6929,,とうげん橋,,35.734304,139.144991,,,1,,,,
6930,,やすらぎの里,,35.735324,139.143793,,,1,,,,
6941,,都民の森,,35.737430,139.031024,,,1,,,,
6946,,秋川４丁目,,35.734102,139.288450,,,1,,,,
6947,,戸吹スポーツ公園入口,,35.702161,139.293712,,,1,,,,
6948,,森沢橋,,35.714756,139.074605,,,1,,,,
6949,,総合医療センター入口,,35.784096,139.281905,,,1,,,,
6963,,宮ヶ谷戸,,35.738530,139.121758,,,1,,,,
6965,,二分方小学校,,35.672589,139.289781,,,1,,,,
6966,,のぼり川,,35.673503,139.286765,,,1,,,,
6967,,桑の葉,,35.672992,139.284188,,,1,,,,
6968,,城山中入口,,35.672838,139.281621,,,1,,,,
6969,,川町東,,35.672172,139.279004,,,1,,,,
6970,,川町落合橋,,35.671075,139.277185,,,1,,,,
6982,,東海大学八王子病院,,35.673128,139.356858,,,1,,,,
6983,,大谷石川団地,,35.671740,139.359269,,,1,,,,
6986,,石川南,,35.672663,139.361180,,,1,,,,
6988,,工学院大学犬目校舎,,35.683587,139.319189,,,1,,,,
70,,第八小学校,,35.670438,139.360537,,,1,,,,
730,,暁橋,,35.667652,139.338250,,,1,,,,
740,,暁町１丁目,,35.669151,139.334616,,,1,,,,
750,,平岡町,,35.664946,139.323320,,,1,,,,
760,,中野上町郵便局（高尾ポテト前）,,35.668551,139.321753,,,1,,,,
770,,中野,,35.669692,139.318929,,,1,,,,
780,,西中野２丁目,,35.670954,139.317728,,,1,,,,
790,,西中野３丁目,,35.672901,139.315013,,,1,,,,
80,,朝倉野,,35.673286,139.362637,,,1,,,,
800,,鶴巻橋,,35.669877,139.316522,,,1,,,,
8002,,秋留台消防出張所,,35.731720,139.292663,,,1,,,,
8003,,瀬戸岡中賀多,,35.737097,139.291361,,,1,,,,
8004,,瀬戸岡上賀多,,35.740449,139.290364,,,1,,,,
8005,,松山会館入口,,35.743246,139.296034,,,1,,,,
8006,,多西児童館前,,35.742692,139.299362,,,1,,,,
8007,,松山橋,,35.741870,139.304058,,,1,,,,
8008,,西ヶ谷戸西通り,,35.741870,139.306076,,,1,,,,
8009,,橋場,,35.743681,139.306505,,,1,,,,
8010,,草花台パークハイツ,,35.746572,139.306786,,,1,,,,
8011,,山の神,,35.745084,139.305844,,,1,,,,
8012,,花蔵院入口,,35.740359,139.314587,,,1,,,,
8013,,慈勝寺入口,,35.740034,139.310955,,,1,,,,
8014,,花ノ岡陸橋,,35.738535,139.314544,,,1,,,,
8015,,花ノ岡南,,35.736834,139.315950,,,1,,,,
8016,,森山北,,35.734891,139.316702,,,1,,,,
8017,,森山会館,,35.733108,139.315141,,,1,,,,
8018,,平高橋,,35.734900,139.312384,,,1,,,,
8019,,中高瀬,,35.736068,139.309753,,,1,,,,
8020,,平沢八幡本社前,,35.734302,139.305695,,,1,,,,
8021,,秋川ふれあいセンター,,35.733010,139.301518,,,1,,,,
8022,,中央公民館・秋川体育館,,35.729951,139.302571,,,1,,,,
8024,,あきる野市役所,,35.728873,139.294845,,,1,,,,
8025,,萩野センター,,35.725365,139.293486,,,1,,,,
8026,,西雨間,,35.723095,139.294714,,,1,,,,
8027,,油平東,,35.723631,139.288636,,,1,,,,
8029,,秋川台入口,,35.715323,139.295973,,,1,,,,
8030,,いきいきｾﾝﾀｰ,,35.716384,139.291574,,,1,,,,
8033,,野辺郵便局,,35.723874,139.309557,,,1,,,,
8034,,二宮神社,,35.726605,139.313996,,,1,,,,
8050,,小川東１丁目,,35.717821,139.324566,,,1,,,,
8060,,横沢,,35.730650,139.239952,,,1,,,,
8061,,高尾,,35.725992,139.238077,,,1,,,,
8062,,留原上,,35.722603,139.232905,,,1,,,,
8063,,小和田グラウンド前,,35.722310,139.225104,,,1,,,,
8064,,小和田,,35.724148,139.221163,,,1,,,,
8065,,五日市出張所,,35.729957,139.220375,,,1,,,,
8069,,三内,,35.730223,139.237043,,,1,,,,
8073,,小宮久保上,,35.744589,139.292857,,,1,,,,
8074,,内出東,,35.720599,139.338767,,,1,,,,
810,,八王子市役所,,35.666386,139.315168,,,1,,,,
8101,,元横山２丁目,,35.661945,139.336021,,,1,,,,
811,,多賀公園入口,,35.665339,139.313355,,,1,,,,
815,,中野さつき公園,,35.671645,139.318856,,,1,,,,
820,,中野山王,,35.672998,139.329628,,,1,,,,
8200,,北の根東,,35.692093,139.291014,,,1,,,,
8201,,安養寺,,35.691604,139.293366,,,1,,,,
8202,,西部会館,,35.691753,139.297248,,,1,,,,
8203,,高尾橋北,,35.691544,139.299859,,,1,,,,
8204,,変電所,,35.690478,139.303208,,,1,,,,
8205,,四谷北,,35.679585,139.297229,,,1,,,,
8206,,松枝保育園前,,35.682647,139.292493,,,1,,,,
8207,,松枝住宅管理事務所前,,35.683068,139.290787,,,1,,,,
8208,,元八王子市民ｾﾝﾀｰ,,35.682968,139.286265,,,1,,,,
8209,,大柳,,35.680889,139.286878,,,1,,,,
8210,,上壱分方入口,,35.678505,139.286076,,,1,,,,
8211,,滝原新橋,,35.667765,139.293651,,,1,,,,
8212,,横川下原公園入口,,35.666515,139.295323,,,1,,,,
8213,,横川ちびっこ広場,,35.665150,139.299179,,,1,,,,
8214,,中横川,,35.664865,139.301869,,,1,,,,
8215,,横川弁天池公園,,35.664029,139.308895,,,1,,,,
8216,,横川橋公園,,35.665799,139.309769,,,1,,,,
8217,,中野上町５丁目,,35.674004,139.315917,,,1,,,,
8218,,中野上町北,,35.676145,139.316936,,,1,,,,
8219,,西中野団地,,35.679249,139.317111,,,1,,,,
8220,,甲の原中央,,35.680086,139.321080,,,1,,,,
8221,,甲の原市民農園,,35.678779,139.323541,,,1,,,,
8222,,子安神社北,,35.677678,139.325285,,,1,,,,
8223,,多摩病院前,,35.678658,139.326380,,,1,,,,
8224,,馬場谷戸会館,,35.678298,139.328565,,,1,,,,
8225,,馬場谷戸中央,,35.677696,139.330986,,,1,,,,
8227,,左入橋,,35.684340,139.346156,,,1,,,,
8228,,宇津木郵便局,,35.681481,139.354551,,,1,,,,
8229,,コーポランド入口,,35.682996,139.354239,,,1,,,,
8230,,青空公園西,,35.683986,139.353607,,,1,,,,
8231,,コーポランド北,,35.685114,139.353109,,,1,,,,
8232,,コーポランド東,,35.684561,139.354586,,,1,,,,
8234,,東京天使病院,,35.684495,139.281071,,,1,,,,
8235,,清川交通遊園,,35.672540,139.308475,,,1,,,,
8236,,清川１号公園,,35.671285,139.311634,,,1,,,,
8237,,北八王子駅,,35.669383,139.362858,,,1,,,,
8238,,諏訪団地,,35.683334,139.289183,,,1,,,,
83,,石川中央道下,,35.675637,139.364613,,,1,,,,
8300,,JR片倉駅,,35.640020,139.341538,,,1,,,,
8301,,釜貫白山神社,,35.637412,139.341745,,,1,,,,
8302,,片倉かまぬき公園,,35.636104,139.342669,,,1,,,,
8303,,釜貫,,35.634723,139.344998,,,1,,,,
8304,,片倉まちの広場,,35.633646,139.346093,,,1,,,,
8305,,片倉台,,35.632048,139.347261,,,1,,,,
8306,,片倉台北,,35.634044,139.347350,,,1,,,,
8307,,片倉台慈眼寺南,,35.636707,139.346092,,,1,,,,
8308,,片倉台打越公園,,35.638533,139.346625,,,1,,,,
8309,,片倉台入口,,35.641083,139.346422,,,1,,,,
8310,,北野駅南口,,35.644876,139.352901,,,1,,,,
8311,,天龍寺,,35.647468,139.349521,,,1,,,,
8312,,北野天神,,35.648373,139.351521,,,1,,,,
8313,,岸田公園,,35.648435,139.354276,,,1,,,,
8314,,北野駅前通り,,35.647026,139.354876,,,1,,,,
8315,,北野駅北口,,35.644806,139.354286,,,1,,,,
8316,,北野公園,,35.648198,139.358319,,,1,,,,
8317,,市場前,,35.651446,139.356582,,,1,,,,
8318,,あったかホール,,35.656166,139.352234,,,1,,,,
8319,,春日橋北,,35.647219,139.359519,,,1,,,,
8320,,都営長沼１２号棟前,,35.645824,139.362946,,,1,,,,
8321,,都営長沼１４号棟前,,35.645418,139.363903,,,1,,,,
8322,,在宅サービスセンター,,35.646416,139.363986,,,1,,,,
8323,,春日会館西,,35.645921,139.361133,,,1,,,,
8324,,長沼山下公園,,35.642917,139.364119,,,1,,,,
8325,,長沼駅,,35.642909,139.366473,,,1,,,,
8326,,長沼公園北,,35.641799,139.368877,,,1,,,,
8327,,ほたる公園,,35.641976,139.371351,,,1,,,,
8328,,日生自治会館,,35.643107,139.376018,,,1,,,,
8329,,ﾋﾙｻｲﾄﾞﾃﾗｽ前,,35.639603,139.375133,,,1,,,,
8330,,NEC団地東,,35.640935,139.375962,,,1,,,,
8331,,NEC団地北,,35.641588,139.374582,,,1,,,,
8332,,日生団地,,35.641517,139.377535,,,1,,,,
8333,,長沼両田公園,,35.642378,139.376537,,,1,,,,
8334,,春日橋南,,35.643421,139.362009,,,1,,,,
8335,,日本邸宅団地,,35.640108,139.373460,,,1,,,,
8337,,すずかけ公園入口,,35.635387,139.346851,,,1,,,,
8341,,陵南プール,,35.648192,139.292082,,,1,,,,
8342,,陵南公園,,35.649612,139.290768,,,1,,,,
8343,,御陵参道,,35.650034,139.288756,,,1,,,,
8344,,城山手こぶし公園,,35.651917,139.286039,,,1,,,,
8345,,城山手中央,,35.653369,139.286014,,,1,,,,
8346,,城山手入口,,35.654730,139.287577,,,1,,,,
8347,,船田運動広場,,35.656214,139.290078,,,1,,,,
8348,,共立女子学園南口,,35.657007,139.292365,,,1,,,,
8349,,都営長房北団地,,35.657514,139.294399,,,1,,,,
8350,,さくら台団地入口,,35.658487,139.296029,,,1,,,,
8351,,さくら台団地中央,,35.660331,139.295466,,,1,,,,
8352,,月夜峯新橋,,35.663712,139.287027,,,1,,,,
8353,,裏宿,,35.663356,139.283795,,,1,,,,
8354,,松子舞自治会館,,35.666299,139.282895,,,1,,,,
8355,,松子舞団地北,,35.667970,139.283790,,,1,,,,
8356,,松子舞団地東,,35.667160,139.284710,,,1,,,,
8357,,初沢会館・大光寺,,35.640835,139.280930,,,1,,,,
8358,,高尾駅西,,35.642475,139.280550,,,1,,,,
840,,中野北小,,35.674250,139.325990,,,1,,,,
8400,,いちょうホール前,,35.662075,139.332585,,,1,,,,
850,,遺跡公園,,35.674725,139.323320,,,1,,,,
8500,,五ノ神一丁目,,35.757965,139.318555,,,1,,,,
8501,,神明台会館入口,,35.755970,139.320035,,,1,,,,
8502,,神明台一丁目,,35.754195,139.321345,,,1,,,,
8503,,福生病院,,35.747200,139.326270,,,1,,,,
8504,,神明神社,,35.754350,139.319880,,,1,,,,
8505,,川崎公園,,35.753210,139.318380,,,1,,,,
8506,,川崎会館北,,35.752460,139.316420,,,1,,,,
8507,,堂坂上,,35.751860,139.314460,,,1,,,,
8508,,清流東,,35.752690,139.306470,,,1,,,,
8509,,郷土博物館前,,35.755100,139.304060,,,1,,,,
8510,,羽村橋,,35.754330,139.311490,,,1,,,,
8511,,東会館,,35.756240,139.309880,,,1,,,,
8512,,寺坂下,,35.756130,139.311420,,,1,,,,
8513,,羽村駅西口,,35.758450,139.315560,,,1,,,,
8514,,本町会館入口,,35.759596,139.313477,,,1,,,,
8515,,介山公園入口,,35.760370,139.311140,,,1,,,,
8516,,シルバー人材センター,,35.760330,139.309000,,,1,,,,
8517,,奈賀会館,,35.758410,139.307910,,,1,,,,
8518,,褝福寺入口,,35.759180,139.306600,,,1,,,,
8519,,玉川神社,,35.761286,139.304155,,,1,,,,
8520,,一峰院,,35.761439,139.300408,,,1,,,,
8521,,いこいの里,,35.760294,139.299690,,,1,,,,
8522,,第一中学校,,35.761780,139.306540,,,1,,,,
8523,,羽中二丁目,,35.763260,139.307550,,,1,,,,
8524,,スポーツセンター,,35.767590,139.307380,,,1,,,,
8527,,図書館入口,,35.763217,139.314637,,,1,,,,
8528,,富士見小学校入口,,35.761007,139.316270,,,1,,,,
8529,,保健センター,,35.769145,139.311870,,,1,,,,
8530,,緑ヶ丘西,,35.768170,139.313430,,,1,,,,
8531,,富士見公園,,35.765863,139.314666,,,1,,,,
8533,,富士見小学校,,35.762246,139.317781,,,1,,,,
8534,,水道事務所,,35.764540,139.319500,,,1,,,,
8535,,富士見平一丁目,,35.763770,139.321680,,,1,,,,
8536,,第二中学校南,,35.763530,139.322980,,,1,,,,
8537,,羽村団地西,,35.766050,139.325110,,,1,,,,
8538,,羽村団地北,,35.767540,139.325980,,,1,,,,
8539,,スイミングセンター,,35.768970,139.329240,,,1,,,,
8540,,動物公園前,,35.765060,139.329410,,,1,,,,
8541,,羽村高校,,35.764506,139.331392,,,1,,,,
8542,,フレッシュランド西多摩,,35.766001,139.334843,,,1,,,,
8543,,双葉町公園,,35.756760,139.332710,,,1,,,,
8544,,三矢会館,,35.760320,139.330975,,,1,,,,
8545,,あさひ公園,,35.759217,139.327917,,,1,,,,
8547,,神明台二丁目,,35.759331,139.322583,,,1,,,,
8549,,五ノ神二丁目,,35.761625,139.319715,,,1,,,,
8550,,羽村駅入口,,35.760040,139.318310,,,1,,,,
8551,,栄町１丁目,,35.776620,139.306320,,,1,,,,
8552,,双葉町三丁目,,35.754196,139.333270,,,1,,,,
8553,,武蔵野公園西,,35.774750,139.308530,,,1,,,,
8554,,武蔵野公園前,,35.773250,139.309640,,,1,,,,
8555,,栄小学校入口,,35.770940,139.311340,,,1,,,,
8556,,天竺運動公園,,35.766580,139.307080,,,1,,,,
8557,,間坂コミュニティー公園,,35.765270,139.305090,,,1,,,,
8558,,間坂,,35.763260,139.303070,,,1,,,,
8559,,さくら保育園入口,,35.764700,139.303720,,,1,,,,
8560,,あげば,,35.767070,139.302130,,,1,,,,
8561,,グリーントリム公園,,35.769510,139.302420,,,1,,,,
8562,,西児童館入口,,35.771800,139.303100,,,1,,,,
8563,,羽加美四丁目,,35.763170,139.301310,,,1,,,,
8564,,西小学校,,35.765260,139.300360,,,1,,,,
8565,,美原会館入口,,35.767550,139.299770,,,1,,,,
8566,,羽西二丁目,,35.770800,139.297980,,,1,,,,
8567,,小作本町会館,,35.772450,139.295109,,,1,,,,
8568,,弓道場入口,,35.777067,139.296346,,,1,,,,
8569,,小作台二丁目,,35.780641,139.298345,,,1,,,,
8570,,羽村市福祉センター,,35.770199,139.312872,,,1,,,,
8571,,清流西,,35.753759,139.304826,,,1,,,,
8572,,川崎三丁目,,35.749130,139.316878,,,1,,,,
8573,,玉川二丁目,,35.748475,139.315453,,,1,,,,
8574,,堂坂下,,35.750272,139.314307,,,1,,,,
8575,,羽村大橋西,,35.749666,139.308936,,,1,,,,
8588,,図書館・ゆとろぎ,,35.764066,139.316508,,,1,,,,
8589,,富士見郵便局,,35.761383,139.320962,,,1,,,,
8590,,水木公園上,,35.757778,139.324980,,,1,,,,
860,,中野団地,,35.676200,139.321125,,,1,,,,
8601,,医療センター西,,35.733842,139.271023,,,1,,,,
8602,,桜木西,,35.737097,139.270586,,,1,,,,
8603,,城山大橋,,35.654427,139.277626,,,1,,,,
8604,,諏訪中央,,35.675159,139.290979,,,1,,,,
8605,,日吉町１丁目会館,,35.661266,139.316146,,,1,,,,
8606,,栄町２丁目北,,35.770146,139.309525,,,1,,,,
8607,,栄小学校,,35.772242,139.312061,,,1,,,,
8610,,新町端野,,35.777533,139.321186,,,1,,,,
8611,,青梅新町境,,35.780038,139.323482,,,1,,,,
8612,,新町９丁目,,35.782220,139.320751,,,1,,,,
8626,,西八王子駅入口,,35.658294,139.313180,,,1,,,,
8631,,カインズ八王子長房店前,,35.657293,139.298817,,,1,,,,
8632,,長房センター,,35.654848,139.295277,,,1,,,,
8633,,長房団地,,35.653790,139.292045,,,1,,,,
8634,,長房団地ふれあい館,,35.652852,139.292242,,,1,,,,
8635,,城山手西,,35.654657,139.284107,,,1,,,,
8638,,出羽橋,,35.657609,139.283157,,,1,,,,
8642,,四谷中入口,,35.675438,139.297239,,,1,,,,
870,,みつい台,,35.680795,139.327459,,,1,,,,
8701,,福生消防署,,35.743154,139.324567,,,1,,,,
8702,,福生警察署,,35.749260,139.319973,,,1,,,,
8703,,宗禅寺,,35.751379,139.318275,,,1,,,,
8704,,羽村駅西,,35.756243,139.314608,,,1,,,,
8706,,福生市役所,,35.738724,139.327110,,,1,,,,
8707,,志茂南,,35.736137,139.327609,,,1,,,,
8714,,青梅市役所,,35.787563,139.275520,,,1,,,,
8718,,栄町１丁目西,,35.773942,139.306720,,,1,,,,
8720,,武蔵増戸駅,,35.730812,139.256408,,,1,,,,
8721,,五日市ファインプラザ,,35.729095,139.255070,,,1,,,,
879,,谷野町会館,,35.685378,139.328174,,,1,,,,
880,,谷野町,,35.685290,139.329211,,,1,,,,
881,,谷野町南,,35.683457,139.331160,,,1,,,,
8810,,戸吹北工業団地,,35.712240,139.292632,,,1,,,,
8820,,日の出山登山口,,35.776745,139.193746,,,1,,,,
8830,,さかな園,,35.765192,139.208418,,,1,,,,
8840,,瀬戸岡会館入口,,35.739314,139.292749,,,1,,,,
8875,,中村,,35.727405,139.229378,,,1,,,,
8881,,さくらモール,,35.771184,139.315202,,,1,,,,
8882,,江戸街道公園,,35.769001,139.331785,,,1,,,,
8883,,ジェイビス（JVIS）前,,35.669908,139.301652,,,1,,,,
8884,,三崎町（ダイニング酒場EBISUYA前）,,35.657759,139.335588,,,1,,,,
8885,,南町,,35.658226,139.333274,,,1,,,,
8886,,妙薬寺,,35.663579,139.335092,,,1,,,,
8887,,元横山町１丁目,,35.663478,139.337694,,,1,,,,
8888,,沢淵,,35.662763,139.341531,,,1,,,,
8889,,第五中学校前,,35.661625,139.345126,,,1,,,,
8890,,寺町北,,35.657813,139.334121,,,1,,,,
8891,,みずき通り,,35.660363,139.333602,,,1,,,,
8892,,いちょうホール北（ミットレーベン穂高前）,,35.662897,139.333513,,,1,,,,
890,,創価大学栄光門,,35.689970,139.323997,,,1,,,,
8900,,長井折返場,,35.766391,139.224857,,,1,,,,
8901,,長井公会堂前,,35.762646,139.228929,,,1,,,,
8902,,日の出山荘入口,,35.760934,139.230721,,,1,,,,
8903,,大久野病院入口,,35.758491,139.233459,,,1,,,,
8904,,水口,,35.753887,139.238024,,,1,,,,
8905,,坂本交差点入口,,35.751372,139.240320,,,1,,,,
8906,,北原,,35.749296,139.240312,,,1,,,,
8907,,萱窪会館前,,35.744864,139.238204,,,1,,,,
8908,,坂本橋,,35.752353,139.241502,,,1,,,,
8909,,玉の内,,35.753433,139.247285,,,1,,,,
8910,,玉の内会館下,,35.750407,139.249951,,,1,,,,
8911,,川原田橋下,,35.747253,139.251253,,,1,,,,
8912,,西平井,,35.742075,139.255379,,,1,,,,
8913,,本宿,,35.738008,139.257107,,,1,,,,
8914,,日の出団地入口,,35.736422,139.255616,,,1,,,,
8915,,3号公園下,,35.738941,139.249774,,,1,,,,
8916,,4号公園下,,35.737521,139.247126,,,1,,,,
8917,,中央公園,,35.737534,139.249722,,,1,,,,
8918,,本宿小学校西,,35.737048,139.261187,,,1,,,,
8919,,本宿小学校東,,35.736335,139.265193,,,1,,,,
8920,,グリーンタウン入口,,35.732576,139.267305,,,1,,,,
8921,,稲荷神社前,,35.781553,139.227131,,,1,,,,
90,,田島橋,,35.679049,139.366053,,,1,,,,
900,,左入会館前,,35.687555,139.343562,,,1,,,,
91,,小宮小学校,,35.682939,139.368493,,,1,,,,
910,,滝山１丁目,,35.688816,139.341327,,,1,,,,
92,,小宮駅入口,,35.686228,139.370591,,,1,,,,
920,,滝山２丁目,,35.689999,139.338372,,,1,,,,
926,,星谷坂,,35.682439,139.337863,,,1,,,,
927,,天神前,,35.683140,139.339185,,,1,,,,
928,,道の駅八王子滝山入口,,35.686020,139.340756,,,1,,,,
929,,梅坪町,,35.687841,139.337104,,,1,,,,
930,,純心女子学園,,35.692023,139.334619,,,1,,,,
931,,新道丹木町,,35.689258,139.334220,,,1,,,,
940,,創価大学正門東京富士美術館,,35.688036,139.330412,,,1,,,,
943,,創価大学創大門,,35.692513,139.327766,,,1,,,,
944,,善太郎坂下,,35.694739,139.323261,,,1,,,,
950,,薬師前・ジェイビス（JVIS）入口,,35.668982,139.300773,,,1,,,,
960,,叶谷,,35.671170,139.298191,,,1,,,,
970,,四谷,,35.672752,139.295744,,,1,,,,
975,,四谷並木橋,,35.678317,139.298713,,,1,,,,
980,,下諏訪宿,,35.674008,139.293424,,,1,,,,
990,,諏訪神社,,35.676169,139.288888,,,1,,,,
10_0,,京王八王子駅,,35.658079,139.342492,10_0,,0,10,,,0
10_1,,京王八王子駅,,35.657734,139.343518,10_1,,0,10,,,1
10_10,,京王八王子駅,,35.657986,139.342803,10_10,,0,10,,,10
10_2,,京王八王子駅,,35.657642,139.343676,10_2,,0,10,,,2
10_3,,京王八王子駅,,35.657555,139.343808,10_3,,0,10,,,3
10_4,,京王八王子駅,,35.657391,139.343995,10_4,,0,10,,,4
10_5,,京王八王子駅,,35.657391,139.343995,10_5,,0,10,,,5
10_6,,京王八王子駅,,35.657642,139.343676,10_6,,0,10,,,6
10_8,,京王八王子駅,,35.659164,139.342543,10_8,,0,10,,,8
100_1,,石川町会館前,,35.681538,139.365223,100_1,,0,100,,,1
100_10,,石川町会館前,,35.681453,139.365320,100_10,,0,100,,,10
100_17,,石川町会館前,,35.681538,139.365223,100_17,,0,100,,,1
100_8,,石川町会館前,,35.681538,139.365223,100_8,,0,100,,,10
1000_1,,二分方入口,,35.677388,139.286087,1000_1,,0,1000,,,1
1000_10,,二分方入口,,35.677925,139.285090,1000_10,,0,1000,,,10
1010_1,,神戸,,35.679481,139.281175,1010_1,,0,1010,,,1
1010_10,,神戸,,35.679346,139.281727,1010_10,,0,1010,,,10
1012_1,,神戸会館入口,,35.680437,139.278887,1012_1,,0,1012,,,1
1012_10,,神戸会館入口,,35.680393,139.279225,1012_10,,0,1012,,,10
1020_1,,切通し,,35.681802,139.276609,1020_1,,0,1020,,,1
1020_10,,切通し,,35.681721,139.276809,1020_10,,0,1020,,,10
1030_1,,宝生寺団地入口,,35.680765,139.273857,1030_1,,0,1030,,,1
1030_10,,宝生寺団地入口,,35.680727,139.273633,1030_10,,0,1030,,,10
1040_1,,陵北大橋,,35.683267,139.270071,1040_1,,0,1040,,,1
1040_10,,陵北大橋,,35.683185,139.270238,1040_10,,0,1040,,,10
1040_11,,陵北大橋,,35.683185,139.270238,1040_11,,0,1040,,,10
1050_0,,宝生寺団地,,35.684958,139.266792,1050_0,,0,1050,,,0
1050_10,,宝生寺団地,,35.684958,139.266792,1050_10,,0,1050,,,1
1050_11,,宝生寺団地,,35.684958,139.266792,1050_11,,0,1050,,,1
1051_1,,団地西,,35.687645,139.264896,1051_1,,0,1051,,,1
1051_10,,団地西,,35.687393,139.264829,1051_10,,0,1051,,,10
1052_1,,自治会館前,,35.688110,139.266386,1052_1,,0,1052,,,1
1052_10,,自治会館前,,35.688112,139.265943,1052_10,,0,1052,,,10
1053_1,,団地東,,35.688483,139.269067,1053_1,,0,1053,,,1
1053_10,,団地東,,35.688642,139.269895,1053_10,,0,1053,,,10
1054_1,,団地南,,35.685332,139.267957,1054_1,,0,1054,,,1
1054_10,,団地南,,35.685768,139.268987,1054_10,,0,1054,,,10
1070_1,,小田野,,35.678784,139.271281,1070_1,,0,1070,,,1
1070_10,,小田野,,35.678968,139.271318,1070_10,,0,1070,,,10
1080_1,,中小田野,,35.676029,139.268362,1080_1,,0,1080,,,1
1080_10,,中小田野,,35.675765,139.267883,1080_10,,0,1080,,,10
1081_1,,小田野中央公園,,35.674403,139.266073,1081_1,,0,1081,,,1
1081_10,,小田野中央公園,,35.674831,139.266487,1081_10,,0,1081,,,10
1090_1,,上小田野,,35.673074,139.264108,1090_1,,0,1090,,,1
1090_10,,上小田野,,35.672992,139.263838,1090_10,,0,1090,,,10
1095_1,,川原宿大橋,,35.671890,139.260114,1095_1,,0,1095,,,1
1095_10,,川原宿大橋,,35.671750,139.260396,1095_10,,0,1095,,,10
110_1,,石川宮下,,35.681196,139.362750,110_1,,0,110,,,1
110_10,,石川宮下,,35.680957,139.361399,110_10,,0,110,,,10
110_17,,石川宮下,,35.681196,139.362750,110_17,,0,110,,,1
110_8,,石川宮下,,35.680957,139.361399,110_8,,0,110,,,10
1100_1,,川原宿,,35.671721,139.258682,1100_1,,0,1100,,,1
1100_10,,川原宿,,35.672197,139.258975,1100_10,,0,1100,,,10
1110_1,,上川原宿,,35.670128,139.257124,1110_1,,0,1110,,,1
1110_10,,上川原宿,,35.670448,139.257310,1110_10,,0,1110,,,10
1120_1,,恩方上宿,,35.674071,139.257850,1120_1,,0,1120,,,1
1120_10,,恩方上宿,,35.673978,139.258097,1120_10,,0,1120,,,10
1130_0,,恩方営業所,,35.676692,139.257200,1130_0,,0,1130,,,0
1130_1,,恩方営業所,,35.676692,139.257200,1130_1,,0,1130,,,1
1130_10,,恩方営業所,,35.677221,139.257292,1130_10,,0,1130,,,10
1140_1,,松竹,,35.668479,139.252647,1140_1,,0,1140,,,1
1140_10,,松竹,,35.668881,139.253617,1140_10,,0,1140,,,10
1150_1,,恩方事務所,,35.667254,139.249523,1150_1,,0,1150,,,1
1150_10,,恩方事務所,,35.667342,139.249611,1150_10,,0,1150,,,10
1160_0,,大久保,,35.666611,139.247216,1160_0,,0,1160,,,0
1160_1,,大久保,,35.666611,139.247216,1160_1,,0,1160,,,1
1160_10,,大久保,,35.666611,139.247216,1160_10,,0,1160,,,10
1170_1,,恩方中学校,,35.669008,139.242101,1170_1,,0,1170,,,1
1170_10,,恩方中学校,,35.669138,139.242545,1170_10,,0,1170,,,10
1180_1,,佐戸,,35.667507,139.237073,1180_1,,0,1180,,,1
1180_10,,佐戸,,35.667590,139.237085,1180_10,,0,1180,,,10
1190_1,,駒木野,,35.668606,139.233967,1190_1,,0,1190,,,1
1190_10,,駒木野,,35.668759,139.234047,1190_10,,0,1190,,,10
120_1,,石川,,35.680913,139.357753,120_1,,0,120,,,1
120_10,,石川,,35.681032,139.357894,120_10,,0,120,,,10
1200_1,,黒沼田,,35.671794,139.230782,1200_1,,0,1200,,,1
1200_10,,黒沼田,,35.671847,139.230839,1200_10,,0,1200,,,10
1210_1,,狐塚,,35.671842,139.227742,1210_1,,0,1210,,,1
1210_10,,狐塚,,35.671863,139.227666,1210_10,,0,1210,,,10
1220_1,,力石,,35.674167,139.220812,1220_1,,0,1220,,,1
1220_10,,力石,,35.674487,139.221232,1220_10,,0,1220,,,10
1230_1,,宮の下,,35.671199,139.217031,1230_1,,0,1230,,,1
1230_10,,宮の下,,35.671498,139.216673,1230_10,,0,1230,,,10
1240_0,,夕焼小焼,,35.670300,139.214386,1240_0,,0,1240,,,
1240_1,,夕焼小焼,,35.670300,139.214386,1240_1,,0,1240,,,1
1240_10,,夕焼小焼,,35.670300,139.214386,1240_10,,0,1240,,,10
1250_1,,関場,,35.671182,139.211384,1250_1,,0,1250,,,1
1250_10,,関場,,35.671258,139.211330,1250_10,,0,1250,,,10
1260_1,,下川井野,,35.670063,139.207372,1260_1,,0,1260,,,1
1260_10,,下川井野,,35.669979,139.206647,1260_10,,0,1260,,,10
1270_1,,川井野,,35.668258,139.202679,1270_1,,0,1270,,,1
1270_10,,川井野,,35.668352,139.202804,1270_10,,0,1270,,,10
1280_1,,くぬぎ沢橋,,35.667273,139.193595,1280_1,,0,1280,,,1
1280_10,,くぬぎ沢橋,,35.667346,139.193604,1280_10,,0,1280,,,10
1290_1,,下案下,,35.665636,139.193054,1290_1,,0,1290,,,1
1290_10,,下案下,,35.665649,139.192982,1290_10,,0,1290,,,10
130_1,,宇津木台南,,35.686019,139.358355,130_1,,0,130,,,1
130_10,,宇津木台南,,35.685876,139.358493,130_10,,0,130,,,10
1300_0,,陣馬高原下,,35.663627,139.189441,1300_0,,0,1300,,,0
1300_10,,陣馬高原下,,35.663627,139.189441,1300_10,,0,1300,,,10
1301_1,,中央道八王子バス停下,,35.665043,139.296856,1301_1,,0,1301,,,1
1301_10,,中央道八王子バス停下,,35.664734,139.297368,1301_10,,0,1301,,,10
1302_1,,舟田,,35.659755,139.299080,1302_1,,0,1302,,,1
1302_10,,舟田,,35.658846,139.299977,1302_10,,0,1302,,,10
1303_1,,富士森高校,,35.657662,139.302400,1303_1,,0,1303,,,1
1303_10,,富士森高校,,35.657851,139.302202,1303_10,,0,1303,,,10
1303_2,,富士森高校,,35.657662,139.302400,1303_2,,0,1303,,,1
1304_1,,桑志高校,,35.655563,139.305772,1304_1,,0,1304,,,1
1304_10,,桑志高校,,35.655724,139.307888,1304_10,,0,1304,,,10
1304_2,,桑志高校,,35.655563,139.305772,1304_2,,0,1304,,,1
1305_1,,中央図書館前,,35.657126,139.311030,1305_1,,0,1305,,,1
1305_10,,中央図書館前,,35.656822,139.310083,1305_10,,0,1305,,,10
1305_2,,中央図書館前,,35.657126,139.311030,1305_2,,0,1305,,,1
1307_1,,千人町１丁目,,35.659871,139.316423,1307_1,,0,1307,,,1
1307_10,,千人町１丁目,,35.659575,139.315506,1307_10,,0,1307,,,10
1310_1,,タウン入口,,35.668405,139.264338,1310_1,,0,1310,,,1
1310_10,,タウン入口,,35.668053,139.266212,1310_10,,0,1310,,,10
1310_2,,タウン入口,,35.668715,139.265764,1310_2,,0,1310,,,2
1320_1,,タウン中央,,35.670290,139.269315,1320_1,,0,1320,,,1
1320_10,,タウン中央,,35.670092,139.269107,1320_10,,0,1320,,,10
1330_1,,タウン東,,35.672029,139.273501,1330_1,,0,1330,,,1
1330_10,,タウン東,,35.671797,139.273405,1330_10,,0,1330,,,10
1340_0,,グリーンタウン高尾,,35.672697,139.274949,1340_0,,0,1340,,,0
1340_1,,グリーンタウン高尾,,35.672716,139.274801,1340_1,,0,1340,,,1
1340_10,,グリーンタウン高尾,,35.672716,139.274801,1340_10,,0,1340,,,10
1340_11,,グリーンタウン高尾,,35.672688,139.274875,1340_11,,0,1340,,,11
1341_0,,高尾の森わくわくビレッジ,,35.672892,139.276050,1341_0,,0,1341,,,0
1341_10,,高尾の森わくわくビレッジ,,35.672892,139.276050,1341_10,,0,1341,,,10
1350_1,,霊園正門,,35.659987,139.268993,1350_1,,0,1350,,,1
1350_10,,霊園正門,,35.659834,139.269523,1350_10,,0,1350,,,10
1360_1,,霊園前・八王子城跡入口,,35.656477,139.273878,1360_1,,0,1360,,,1
1360_10,,霊園前・八王子城跡入口,,35.656553,139.273990,1360_10,,0,1360,,,10
1363_0,,八王子城跡,,35.655957,139.262072,1363_0,,0,1363,,,0
1363_10,,八王子城跡,,35.656194,139.262106,1363_10,,0,1363,,,10
140_1,,宇津木台中央,,35.688596,139.358736,140_1,,0,140,,,1
140_10,,宇津木台中央,,35.688867,139.358563,140_10,,0,140,,,10
1410_1,,宮の前,,35.654967,139.275220,1410_1,,0,1410,,,1
1410_10,,宮の前,,35.654287,139.275813,1410_10,,0,1410,,,10
1420_1,,鍛冶屋敷,,35.657227,139.280628,1420_1,,0,1420,,,1
1420_10,,鍛冶屋敷,,35.656400,139.279780,1420_10,,0,1420,,,10
1430_1,,元八２丁目,,35.659971,139.282702,1430_1,,0,1430,,,1
1430_10,,元八２丁目,,35.659943,139.282875,1430_10,,0,1430,,,10
1440_1,,元八２丁目北,,35.662761,139.282211,1440_1,,0,1440,,,1
1440_10,,元八２丁目北,,35.662954,139.281773,1440_10,,0,1440,,,10
1450_1,,ホーメストタウン,,35.663440,139.277596,1450_1,,0,1450,,,1
1450_10,,ホーメストタウン,,35.662684,139.278732,1450_10,,0,1450,,,10
1451_1,,ホーメストタウン北,,35.665225,139.274594,1451_1,,0,1451,,,1
1451_10,,ホーメストタウン北,,35.665232,139.274394,1451_10,,0,1451,,,10
1452_1,,けやき公園前,,35.663983,139.272349,1452_1,,0,1452,,,1
1452_10,,けやき公園前,,35.664134,139.272415,1452_10,,0,1452,,,10
1453_17,,熊野神社前,,35.645223,139.286064,1453_17,,0,1453,,,17
1453_8,,熊野神社前,,35.645286,139.285826,1453_8,,0,1453,,,8
1454_17,,浅川原,,35.645787,139.287744,1454_17,,0,1454,,,17
1454_8,,浅川原,,35.646087,139.288227,1454_8,,0,1454,,,8
1455_17,,御陵前,,35.647335,139.292305,1455_17,,0,1455,,,17
1457_0,,城山手,,35.656350,139.284493,1457_0,,0,1457,,,0
1457_1,,城山手,,35.656350,139.284493,1457_1,,0,1457,,,1
1457_10,,城山手,,35.655932,139.284362,1457_10,,0,1457,,,10
1458_10,,中央公園,,35.664998,139.275949,1458_10,,0,1458,,,10
1459_10,,とちのき公園,,35.662862,139.274749,1459_10,,0,1459,,,10
1460_1,,石神坂,,35.663044,139.284889,1460_1,,0,1460,,,1
1460_10,,石神坂,,35.662257,139.284516,1460_10,,0,1460,,,10
1460_17,,石神坂,,35.663044,139.284889,1460_17,,0,1460,,,1
1460_8,,石神坂,,35.663046,139.285047,1460_8,,0,1460,,,8
1470_1,,元八１丁目,,35.665404,139.288252,1470_1,,0,1470,,,1
1470_10,,元八１丁目,,35.665838,139.289290,1470_10,,0,1470,,,10
1480_1,,慈根寺,,35.669565,139.292559,1480_1,,0,1480,,,1
1480_10,,慈根寺,,35.669017,139.292527,1480_10,,0,1480,,,10
1480_17,,慈根寺,,35.669017,139.292527,1480_17,,0,1480,,,10
1480_8,,慈根寺,,35.669565,139.292559,1480_8,,0,1480,,,1
1490_1,,元八事務所,,35.671218,139.293380,1490_1,,0,1490,,,1
1490_10,,元八事務所,,35.671621,139.293991,1490_10,,0,1490,,,10
1490_11,,元八事務所,,35.672122,139.291622,1490_11,,0,1490,,,11
1490_17,,元八事務所,,35.671621,139.293991,1490_17,,0,1490,,,10
1490_8,,元八事務所,,35.671218,139.293380,1490_8,,0,1490,,,1
1500_1,,霞ヶ丘住宅,,35.651828,139.276824,1500_1,,0,1500,,,1
1500_10,,霞ヶ丘住宅,,35.652154,139.277058,1500_10,,0,1500,,,10
1500_2,,霞ヶ丘住宅,,35.651828,139.276824,1500_2,,0,1500,,,1
1505_1,,ｺﾝｾｰﾙ住宅,,35.653545,139.273102,1505_1,,0,1505,,,1
1505_10,,ｺﾝｾｰﾙ住宅,,35.653608,139.273467,1505_10,,0,1505,,,10
1510_1,,高尾台中央,,35.651347,139.269133,1510_1,,0,1510,,,1
1510_10,,高尾台中央,,35.651490,139.269142,1510_10,,0,1510,,,10
1520_0,,高尾台住宅,,35.647178,139.266330,1520_0,,0,1520,,,0
1520_10,,高尾台住宅,,35.648348,139.267067,1520_10,,0,1520,,,10
1530_0,,高尾駅北口,,35.642063,139.281251,1530_0,,0,1530,,,0
1530_1,,高尾駅北口,,35.642267,139.281344,1530_1,,0,1530,,,1
1530_10,,高尾駅北口,,35.643248,139.281923,1530_10,,0,1530,,,10
1530_17,,高尾駅北口,,35.643362,139.282333,1530_17,,0,1530,,,17
1530_2,,高尾駅北口,,35.642220,139.281194,1530_2,,0,1530,,,2
1530_3,,高尾駅北口,,35.643362,139.282333,1530_3,,0,1530,,,3
1530_8,,高尾駅北口,,35.643263,139.281926,1530_8,,0,1530,,,10
1531_1,,森林科学園,,35.646008,139.280299,1531_1,,0,1531,,,1
1531_2,,森林科学園,,35.646008,139.280299,1531_2,,0,1531,,,1
1532_1,,八王子霊園南門,,35.657674,139.268312,1532_1,,0,1532,,,1
1532_10,,八王子霊園南門,,35.657720,139.268329,1532_10,,0,1532,,,10
1540_0,,高尾駅南口,,35.641380,139.283747,1540_0,,0,1540,,,0
1540_5,,高尾駅南口,,35.641588,139.283686,1540_5,,0,1540,,,5
1540_8,,高尾駅南口,,35.641588,139.283686,1540_8,,0,1540,,,5
1550_1,,元木,,35.679794,139.267532,1550_1,,0,1550,,,1
1550_10,,元木,,35.679716,139.268205,1550_10,,0,1550,,,10
1560_1,,上野原,,35.679462,139.262343,1560_1,,0,1560,,,1
1560_10,,上野原,,35.679410,139.262275,1560_10,,0,1560,,,10
1570_1,,縄切,,35.682494,139.258977,1570_1,,0,1570,,,1
1570_10,,縄切,,35.682700,139.258788,1570_10,,0,1570,,,10
1580_1,,萩園,,35.684610,139.254906,1580_1,,0,1580,,,1
1580_10,,萩園,,35.684650,139.255080,1580_10,,0,1580,,,10
1590_1,,御屋敷入口,,35.686403,139.252843,1590_1,,0,1590,,,1
1590_10,,御屋敷入口,,35.686136,139.252976,1590_10,,0,1590,,,10
1595_0,,馬込松木,,35.688546,139.251237,1595_0,,0,1595,,,0
1595_1,,馬込松木,,35.688546,139.251237,1595_1,,0,1595,,,1
1595_10,,馬込松木,,35.688613,139.251274,1595_10,,0,1595,,,10
160_1,,平町,,35.689819,139.355624,160_1,,0,160,,,1
160_10,,平町,,35.689976,139.355766,160_10,,0,160,,,10
1600_1,,美山小学校,,35.689663,139.249394,1600_1,,0,1600,,,1
1600_10,,美山小学校,,35.690064,139.248625,1600_10,,0,1600,,,10
1610_1,,小足,,35.693196,139.242900,1610_1,,0,1610,,,1
1610_10,,小足,,35.693352,139.242671,1610_10,,0,1610,,,10
1620_1,,美山工業団地,,35.695743,139.240039,1620_1,,0,1620,,,1
1620_10,,美山工業団地,,35.695170,139.240522,1620_10,,0,1620,,,10
1630_1,,仲井,,35.698488,139.238149,1630_1,,0,1630,,,1
1630_10,,仲井,,35.698309,139.238451,1630_10,,0,1630,,,10
1640_1,,二本杉,,35.700641,139.234194,1640_1,,0,1640,,,1
1640_10,,二本杉,,35.700198,139.235682,1640_10,,0,1640,,,10
1650_0,,美山町,,35.703018,139.230279,1650_0,,0,1650,,,0
1650_10,,美山町,,35.703018,139.230279,1650_10,,0,1650,,,10
1660_0,,恩方ターミナル,,35.679732,139.259067,1660_0,,0,1660,,,0
1660_1,,恩方ターミナル,,35.679732,139.259067,1660_1,,0,1660,,,1
1660_10,,恩方ターミナル,,35.679732,139.259067,1660_10,,0,1660,,,10
1660_11,,恩方ターミナル,,35.679732,139.259067,1660_11,,0,1660,,,11
1681_0,,小津自由乗降,,35.678018,139.254287,1681_0,,0,1681,,,0
170_0,,宇津木台,,35.689185,139.352376,170_0,,0,170,,,0
170_10,,宇津木台,,35.689569,139.353158,170_10,,0,170,,,10
170_11,,宇津木台,,35.689508,139.353062,170_11,,0,170,,,11
1710_0,,小津町,,35.678530,139.232324,1710_0,,0,1710,,,0
1710_10,,小津町,,35.678585,139.232556,1710_10,,0,1710,,,10
1720_1,,東楢原,,35.675603,139.313094,1720_1,,0,1720,,,1
1720_10,,東楢原,,35.675485,139.313275,1720_10,,0,1720,,,10
1720_2,,東楢原,,35.676675,139.313210,1720_2,,0,1720,,,2
1740_1,,丹木１丁目,,35.694063,139.331191,1740_1,,0,1740,,,1
1740_10,,丹木１丁目,,35.693896,139.331578,1740_10,,0,1740,,,10
1750_1,,丹木２丁目,,35.695390,139.328898,1750_1,,0,1750,,,1
1750_10,,丹木２丁目,,35.695439,139.329018,1750_10,,0,1750,,,10
1760_1,,滝山城址下,,35.697267,139.325147,1760_1,,0,1760,,,1
1760_10,,滝山城址下,,35.697437,139.325068,1760_10,,0,1760,,,10
1770_1,,加住町一丁目,,35.698747,139.320971,1770_1,,0,1770,,,1
1770_10,,加住町一丁目,,35.698589,139.321467,1770_10,,0,1770,,,10
1780_1,,加住小学校,,35.700654,139.317275,1780_1,,0,1780,,,1
1780_10,,加住小学校,,35.700542,139.317668,1780_10,,0,1780,,,10
1790_1,,宮下橋,,35.702526,139.312460,1790_1,,0,1790,,,1
1790_10,,宮下橋,,35.702698,139.312277,1790_10,,0,1790,,,10
180_1,,宇津木台東,,35.689431,139.361492,180_1,,0,180,,,1
180_10,,宇津木台東,,35.689606,139.361493,180_10,,0,180,,,10
1800_1,,東宮下,,35.704386,139.308856,1800_1,,0,1800,,,1
1800_10,,東宮下,,35.704383,139.309062,1800_10,,0,1800,,,10
1810_1,,宮下・杏林大学入口,,35.705388,139.305819,1810_1,,0,1810,,,1
1810_10,,宮下・杏林大学入口,,35.705454,139.305853,1810_10,,0,1810,,,10
1830_1,,下戸吹,,35.705854,139.304012,1830_1,,0,1830,,,1
1830_10,,下戸吹,,35.705899,139.304107,1830_10,,0,1830,,,10
1840_1,,落合橋,,35.706824,139.300619,1840_1,,0,1840,,,1
1840_10,,落合橋,,35.706858,139.300725,1840_10,,0,1840,,,10
1850_0,,戸吹,,35.707824,139.296680,1850_0,,0,1850,,,0
1850_1,,戸吹,,35.707640,139.297010,1850_1,,0,1850,,,1
1850_10,,戸吹,,35.707820,139.296913,1850_10,,0,1850,,,10
1850_3,,戸吹,,35.707640,139.297010,1850_3,,0,1850,,,3
1851_1,,戸吹町交差点,,35.708338,139.296459,1851_1,,0,1851,,,1
1851_10,,戸吹町交差点,,35.707158,139.296437,1851_10,,0,1851,,,10
1860_1,,上戸吹,,35.709501,139.290654,1860_1,,0,1860,,,1
1860_10,,上戸吹,,35.709471,139.291110,1860_10,,0,1860,,,10
1870_1,,秋留橋,,35.714882,139.283582,1870_1,,0,1870,,,1
1870_10,,秋留橋,,35.714944,139.284996,1870_10,,0,1870,,,10
1870_2,,秋留橋,,35.715425,139.283996,1870_2,,0,1870,,,2
1880_0,,サマーランド,,35.717214,139.277689,1880_0,,0,1880,,,0
1880_1,,サマーランド,,35.717685,139.277689,1880_1,,0,1880,,,1
1880_10,,サマーランド,,35.717685,139.277689,1880_10,,0,1880,,,10
1890_1,,神社前,,35.677657,139.311138,1890_1,,0,1890,,,1
1890_10,,神社前,,35.677375,139.311591,1890_10,,0,1890,,,10
190_1,,多摩大橋,,35.690055,139.368696,190_1,,0,190,,,1
190_10,,多摩大橋,,35.690156,139.368825,190_10,,0,190,,,10
1900_1,,一本松,,35.679815,139.308108,1900_1,,0,1900,,,1
1900_10,,一本松,,35.679841,139.308218,1900_10,,0,1900,,,10
1910_0,,楢原町,,35.682225,139.304978,1910_0,,0,1910,,,0
1910_1,,楢原町,,35.682429,139.304781,1910_1,,0,1910,,,1
1910_10,,楢原町,,35.681787,139.305632,1910_10,,0,1910,,,10
1910_8,,楢原町,,35.682429,139.304781,1910_8,,0,1910,,,8
1920_1,,佐貫,,35.686293,139.304624,1920_1,,0,1920,,,1
1920_10,,佐貫,,35.686219,139.304675,1920_10,,0,1920,,,10
1920_17,,佐貫,,35.686293,139.304624,1920_17,,0,1920,,,1
1920_2,,佐貫,,35.686293,139.304624,1920_2,,0,1920,,,1
1920_8,,佐貫,,35.686219,139.304675,1920_8,,0,1920,,,10
1930_1,,犬目,,35.689698,139.305027,1930_1,,0,1930,,,1
1930_10,,犬目,,35.688926,139.305073,1930_10,,0,1930,,,10
1930_17,,犬目,,35.688926,139.305073,1930_17,,0,1930,,,10
1930_2,,犬目,,35.688926,139.305073,1930_2,,0,1930,,,2
1930_8,,犬目,,35.688712,139.304945,1930_8,,0,1930,,,8
1940_1,,谷戸,,35.692853,139.304533,1940_1,,0,1940,,,1
1940_10,,谷戸,,35.692247,139.305218,1940_10,,0,1940,,,10
1950_1,,ゴルフ場入口,,35.699011,139.297814,1950_1,,0,1950,,,1
1950_10,,ゴルフ場入口,,35.698960,139.298054,1950_10,,0,1950,,,10
1960_1,,唐松,,35.685043,139.300086,1960_1,,0,1960,,,1
1960_10,,唐松,,35.684852,139.300721,1960_10,,0,1960,,,10
1965_1,,川口やまゆり館,,35.685705,139.298366,1965_1,,0,1965,,,1
1965_10,,川口やまゆり館,,35.685854,139.298083,1965_10,,0,1965,,,10
1970_1,,桜株,,35.686684,139.295229,1970_1,,0,1970,,,1
1970_10,,桜株,,35.686723,139.295400,1970_10,,0,1970,,,10
1980_1,,新川口,,35.687452,139.291561,1980_1,,0,1980,,,1
1980_10,,新川口,,35.687608,139.291223,1980_10,,0,1980,,,10
1990_1,,榎木,,35.688566,139.287273,1990_1,,0,1990,,,1
1990_10,,榎木,,35.688543,139.287548,1990_10,,0,1990,,,10
20_1,,明神町,,35.659974,139.346248,20_1,,0,20,,,1
20_10,,明神町,,35.660468,139.346942,20_10,,0,20,,,10
200_1,,小宮町,,35.688916,139.372599,200_1,,0,200,,,1
200_10,,小宮町,,35.688846,139.373104,200_10,,0,200,,,10
2000_1,,上榎木,,35.690010,139.284706,2000_1,,0,2000,,,1
2000_10,,上榎木,,35.690111,139.284705,2000_10,,0,2000,,,10
2010_0,,川口小学校,,35.691139,139.282443,2010_0,,0,2010,,,0
2010_1,,川口小学校,,35.691441,139.282297,2010_1,,0,2010,,,1
2010_10,,川口小学校,,35.691268,139.282707,2010_10,,0,2010,,,10
2020_1,,川口事務所,,35.693464,139.279558,2020_1,,0,2020,,,1
2020_10,,川口事務所,,35.693638,139.279526,2020_10,,0,2020,,,10
2030_1,,川口橋,,35.695700,139.277308,2030_1,,0,2030,,,1
2030_10,,川口橋,,35.695628,139.277583,2030_10,,0,2030,,,10
2040_1,,影沢,,35.696842,139.273931,2040_1,,0,2040,,,1
2040_10,,影沢,,35.697055,139.273557,2040_10,,0,2040,,,10
2045_1,,圏央道上川橋,,35.698343,139.270034,2045_1,,0,2045,,,1
2045_10,,圏央道上川橋,,35.698425,139.270228,2045_10,,0,2045,,,10
2050_1,,ＧＭＧゴルフ場,,35.699094,139.268118,2050_1,,0,2050,,,1
2050_10,,ＧＭＧゴルフ場,,35.699284,139.267947,2050_10,,0,2050,,,10
2060_1,,森下,,35.700122,139.263591,2060_1,,0,2060,,,1
2060_10,,森下,,35.700001,139.264411,2060_10,,0,2060,,,10
2070_1,,戸沢,,35.702179,139.258662,2070_1,,0,2070,,,1
2070_10,,戸沢,,35.702263,139.258737,2070_10,,0,2070,,,10
2090_1,,田守神社前,,35.704112,139.253576,2090_1,,0,2090,,,1
2090_10,,田守神社前,,35.703448,139.255546,2090_10,,0,2090,,,10
2090_2,,田守神社前,,35.704619,139.254496,2090_2,,0,2090,,,2
210_1,,小宮町東,,35.687439,139.376506,210_1,,0,210,,,1
210_10,,小宮町東,,35.687409,139.376884,210_10,,0,210,,,10
2100_1,,同友会ホーム,,35.706286,139.255288,2100_1,,0,2100,,,1
2100_10,,同友会ホーム,,35.706208,139.255387,2100_10,,0,2100,,,10
2110_0,,上川霊園,,35.709207,139.256207,2110_0,,0,2110,,,0
2110_1,,上川霊園,,35.709044,139.255908,2110_1,,0,2110,,,1
2110_10,,上川霊園,,35.709044,139.255908,2110_10,,0,2110,,,1
2120_1,,新清水橋,,35.679356,139.315693,2120_1,,0,2120,,,1
2120_10,,新清水橋,,35.679153,139.315693,2120_10,,0,2120,,,10
2130_1,,中野市民センター,,35.681491,139.317697,2130_1,,0,2130,,,1
2130_10,,中野市民センター,,35.681578,139.317935,2130_10,,0,2130,,,10
2130_17,,中野市民センター,,35.681578,139.317935,2130_17,,0,2130,,,10
2130_8,,中野市民センター,,35.681491,139.317697,2130_8,,0,2130,,,1
2140_0,,工学院大学,,35.683396,139.319019,2140_0,,0,2140,,,0
2140_10,,工学院大学,,35.683690,139.319100,2140_10,,0,2140,,,10
2140_11,,工学院大学,,35.683507,139.319286,2140_11,,0,2140,,,11
2150_1,,工学院大学西,,35.682500,139.316228,2150_1,,0,2150,,,1
2150_10,,工学院大学西,,35.682769,139.317392,2150_10,,0,2150,,,10
2160_1,,甲の原,,35.684975,139.312175,2160_1,,0,2160,,,1
2160_10,,甲の原,,35.684762,139.312674,2160_10,,0,2160,,,10
2170_1,,下犬目,,35.686447,139.310050,2170_1,,0,2170,,,1
2170_10,,下犬目,,35.686159,139.310428,2170_10,,0,2170,,,10
2180_1,,陶鎔小学校,,35.688726,139.307653,2180_1,,0,2180,,,1
2180_10,,陶鎔小学校,,35.688334,139.308543,2180_10,,0,2180,,,10
2190_1,,中犬目,,35.689358,139.306496,2190_1,,0,2190,,,1
2190_10,,中犬目,,35.689424,139.306586,2190_10,,0,2190,,,10
220_1,,栄町５丁目,,35.684343,139.381869,220_1,,0,220,,,1
220_10,,栄町５丁目,,35.684611,139.381592,220_10,,0,220,,,10
2200_1,,花川,,35.672799,139.301753,2200_1,,0,2200,,,1
2200_10,,花川,,35.672944,139.301838,2200_10,,0,2200,,,10
221_1,,栄町５丁目北,,35.684943,139.382077,221_1,,0,221,,,1
221_10,,栄町５丁目北,,35.685075,139.381830,221_10,,0,221,,,10
2210_1,,泉町,,35.675056,139.300970,2210_1,,0,2210,,,1
2210_10,,泉町,,35.675124,139.301014,2210_10,,0,2210,,,10
222_1,,東光寺団地入口,,35.684046,139.387809,222_1,,0,222,,,1
222_10,,東光寺団地入口,,35.684168,139.387628,222_10,,0,222,,,10
2220_1,,泉町住宅,,35.676800,139.299770,2220_1,,0,2220,,,1
2220_10,,泉町住宅,,35.676610,139.299531,2220_10,,0,2220,,,10
223_1,,東光寺駐在,,35.683146,139.392473,223_1,,0,223,,,1
223_10,,東光寺駐在,,35.683397,139.391812,223_10,,0,223,,,10
2230_17,,松枝橋,,35.681792,139.301602,2230_17,,0,2230,,,10
2230_8,,松枝橋,,35.682329,139.301909,2230_8,,0,2230,,,1
2231_0,,松枝住宅,,35.681833,139.294113,2231_0,,0,2231,,,0
2231_10,,松枝住宅,,35.681623,139.294011,2231_10,,0,2231,,,1
2231_11,,松枝住宅,,35.681616,139.294106,2231_11,,0,2231,,,2
2231_17,,松枝住宅,,35.681754,139.293951,2231_17,,0,2231,,,3
2231_8,,松枝住宅,,35.681754,139.293951,2231_8,,0,2231,,,3
224_1,,薬王寺,,35.681548,139.393904,224_1,,0,224,,,1
224_10,,薬王寺,,35.681674,139.394100,224_10,,0,224,,,10
2250_1,,上川口小学校,,35.705079,139.249596,2250_1,,0,2250,,,1
2250_10,,上川口小学校,,35.705162,139.249944,2250_10,,0,2250,,,10
2260_1,,久保橋,,35.705358,139.246221,2260_1,,0,2260,,,1
2260_10,,久保橋,,35.705305,139.247018,2260_10,,0,2260,,,10
2271_1,,帝京八王子高校入口,,35.706154,139.244072,2271_1,,0,2271,,,1
2271_10,,帝京八王子高校入口,,35.705786,139.245124,2271_10,,0,2271,,,10
2280_1,,糀谷,,35.709060,139.241099,2280_1,,0,2280,,,1
2280_10,,糀谷,,35.708790,139.241732,2280_10,,0,2280,,,10
2290_1,,今熊,,35.711046,139.236546,2290_1,,0,2290,,,1
2290_10,,今熊,,35.711095,139.236641,2290_10,,0,2290,,,10
230_1,,東光寺小入口,,35.682984,139.385600,230_1,,0,230,,,1
230_10,,東光寺小入口,,35.683160,139.385198,230_10,,0,230,,,10
2301_1,,今熊山登山口,,35.711996,139.234189,2301_1,,0,2301,,,1
2301_10,,今熊山登山口,,35.712000,139.234390,2301_10,,0,2301,,,10
2310_1,,小峰公園,,35.719715,139.232034,2310_1,,0,2310,,,1
2310_10,,小峰公園,,35.720274,139.232095,2310_10,,0,2310,,,10
2320_1,,留原,,35.723272,139.232115,2320_1,,0,2320,,,1
2320_10,,留原,,35.722951,139.232179,2320_10,,0,2320,,,10
2330_1,,小林坂,,35.724877,139.231379,2330_1,,0,2330,,,1
2330_10,,小林坂,,35.724967,139.231344,2330_10,,0,2330,,,10
2350_1,,秋川橋,,35.729952,139.228455,2350_1,,0,2350,,,1
2350_10,,秋川橋,,35.730001,139.228559,2350_10,,0,2350,,,10
2370_11,,東町,,35.729716,139.224758,2370_11,,0,2370,,,10
2370_2,,東町,,35.729576,139.224762,2370_2,,0,2370,,,1
2370_8,,東町,,35.729576,139.224762,2370_8,,0,2370,,,1
2370_9,,東町,,35.729716,139.224758,2370_9,,0,2370,,,10
2380_1,,五日市,,35.728476,139.223395,2380_1,,0,2380,,,1
2380_11,,五日市,,35.728575,139.223302,2380_11,,0,2380,,,10
2380_8,,五日市,,35.728476,139.223395,2380_8,,0,2380,,,1
2380_9,,五日市,,35.728575,139.223302,2380_9,,0,2380,,,10
2390_1,,上町,,35.727714,139.220976,2390_1,,0,2390,,,1
2390_10,,上町,,35.727810,139.220852,2390_10,,0,2390,,,10
2390_8,,上町,,35.727714,139.220976,2390_8,,0,2390,,,1
2390_9,,上町,,35.727810,139.220852,2390_9,,0,2390,,,10
240_1,,栄町４丁目,,35.682001,139.389585,240_1,,0,240,,,1
240_10,,栄町４丁目,,35.682269,139.389127,240_10,,0,240,,,10
2400_1,,五日市高校,,35.727814,139.217945,2400_1,,0,2400,,,1
2400_10,,五日市高校,,35.727943,139.218271,2400_10,,0,2400,,,10
2410_1,,東小中野,,35.727331,139.214020,2410_1,,0,2410,,,1
2410_10,,東小中野,,35.726798,139.211564,2410_10,,0,2410,,,10
2420_1,,西小中野,,35.726603,139.211349,2420_1,,0,2420,,,1
2420_10,,西小中野,,35.726656,139.211143,2420_10,,0,2420,,,10
2430_1,,沢戸橋,,35.725055,139.206383,2430_1,,0,2430,,,1
2430_10,,沢戸橋,,35.725181,139.206443,2430_10,,0,2430,,,10
2440_1,,戸倉,,35.727099,139.205417,2440_1,,0,2440,,,1
2440_10,,戸倉,,35.727318,139.205433,2440_10,,0,2440,,,10
2450_1,,西戸倉,,35.730436,139.201002,2450_1,,0,2450,,,1
2450_10,,西戸倉,,35.730291,139.201583,2450_10,,0,2450,,,10
2460_1,,坂下,,35.730293,139.199142,2460_1,,0,2460,,,1
2460_10,,坂下,,35.730233,139.198178,2460_10,,0,2460,,,10
2470_1,,十里木,,35.728096,139.191817,2470_1,,0,2470,,,1
2470_10,,十里木,,35.727842,139.190891,2470_10,,0,2470,,,10
2470_11,,十里木,,35.728096,139.191817,2470_11,,0,2470,,,1
2480_1,,追分,,35.726612,139.184461,2480_1,,0,2480,,,1
2480_10,,追分,,35.726691,139.184632,2480_10,,0,2480,,,10
2489_10,,乙津花の里,,35.726458,139.181086,2489_10,,0,2489,,,10
2490_1,,荷田子,,35.724435,139.180906,2490_1,,0,2490,,,1
2490_10,,荷田子,,35.725345,139.181395,2490_10,,0,2490,,,10
2491_10,,秋川渓谷瀬音の湯,,35.727504,139.187136,2491_10,,0,2491,,,1
2493_1,,コテージ森林村,,35.723047,139.176489,2493_1,,0,2493,,,1
2493_10,,コテージ森林村,,35.723488,139.177659,2493_10,,0,2493,,,10
250_0,,日野駅,,35.678963,139.393049,250_0,,0,250,,,0
250_4,,日野駅,,35.679137,139.393366,250_4,,0,250,,,4
250_6,,日野駅,,35.678934,139.392941,250_6,,0,250,,,6
2500_1,,畔荷田,,35.723604,139.172669,2500_1,,0,2500,,,1
2500_10,,畔荷田,,35.723815,139.172579,2500_10,,0,2500,,,10
2510_1,,和田向,,35.723667,139.160086,2510_1,,0,2510,,,1
2510_10,,和田向,,35.723722,139.160318,2510_10,,0,2510,,,10
2520_1,,鬼切,,35.725796,139.157700,2520_1,,0,2520,,,1
2520_10,,鬼切,,35.725914,139.156789,2520_10,,0,2520,,,10
2530_1,,元郷,,35.725682,139.153559,2530_1,,0,2530,,,1
2530_10,,元郷,,35.725789,139.153146,2530_10,,0,2530,,,10
2540_1,,山王前,,35.726157,139.150625,2540_1,,0,2540,,,1
2540_10,,山王前,,35.726179,139.150892,2540_10,,0,2540,,,10
2550_1,,本宿役場前,,35.726602,139.148333,2550_1,,0,2550,,,1
2550_10,,本宿役場前,,35.726695,139.148349,2550_10,,0,2550,,,10
2560_1,,中本宿,,35.727954,139.146659,2560_1,,0,2560,,,1
2560_10,,中本宿,,35.727954,139.146659,2560_10,,0,2560,,,10
2570_0,,払沢の滝入口,,35.729455,139.143782,2570_0,,0,2570,,,0
2570_1,,払沢の滝入口,,35.729455,139.143782,2570_1,,0,2570,,,1
2570_10,,払沢の滝入口,,35.729624,139.143896,2570_10,,0,2570,,,10
2580_1,,檜原小前,,35.732563,139.143781,2580_1,,0,2580,,,1
2580_10,,檜原小前,,35.731548,139.143738,2580_10,,0,2580,,,10
2590_1,,千足,,35.737838,139.143592,2590_1,,0,2590,,,1
2590_10,,千足,,35.737838,139.143592,2590_10,,0,2590,,,
260_1,,宇津木,,35.680614,139.354857,260_1,,0,260,,,1
260_10,,宇津木,,35.680370,139.354283,260_10,,0,260,,,10
2600_1,,中里,,35.739158,139.138795,2600_1,,0,2600,,,1
2600_10,,中里,,35.739806,139.138793,2600_10,,0,2600,,,10
2610_1,,白倉,,35.740446,139.135028,2610_1,,0,2610,,,1
2610_10,,白倉,,35.740446,139.135028,2610_10,,0,2610,,,
2620_1,,郷土資料館,,35.743498,139.129710,2620_1,,0,2620,,,1
2620_10,,郷土資料館,,35.743498,139.129710,2620_10,,0,2620,,,
2630_1,,神戸岩入口,,35.742925,139.125889,2630_1,,0,2630,,,1
2630_10,,神戸岩入口,,35.742914,139.125441,2630_10,,0,2630,,,10
2640_1,,小沢（檜原森のおもちゃ美術館）,,35.736731,139.122644,2640_1,,0,2640,,,1
2640_10,,小沢（檜原森のおもちゃ美術館）,,35.737051,139.122299,2640_10,,0,2640,,,10
2650_1,,宝蔵寺,,35.735563,139.125319,2650_1,,0,2650,,,1
2650_10,,宝蔵寺,,35.735557,139.125114,2650_10,,0,2650,,,10
2660_1,,夏地（ひのはらファクトリー）,,35.733851,139.124710,2660_1,,0,2660,,,1
2670_1,,小和田坂,,35.733117,139.116105,2670_1,,0,2670,,,1
2670_10,,小和田坂,,35.733773,139.116595,2670_10,,0,2670,,,10
2680_1,,下川,,35.733886,139.112810,2680_1,,0,2680,,,1
2690_0,,小岩,,35.731776,139.110309,2690_0,,0,2690,,,
2690_1,,小岩,,35.731776,139.110309,2690_1,,0,2690,,,1
2690_10,,小岩,,35.731776,139.110309,2690_10,,0,2690,,,
270_1,,大谷北,,35.677482,139.354357,270_1,,0,270,,,1
270_10,,大谷北,,35.678201,139.354568,270_10,,0,270,,,10
2700_1,,竹窪,,35.732769,139.102348,2700_1,,0,2700,,,1
2710_1,,笹久保,,35.734115,139.100648,2710_1,,0,2710,,,1
2720_1,,山王坂下,,35.734657,139.097321,2720_1,,0,2720,,,1
2720_10,,山王坂下,,35.734759,139.097710,2720_10,,0,2720,,,10
2730_1,,尾崎橋,,35.737561,139.090794,2730_1,,0,2730,,,1
2740_1,,竹の沢,,35.738615,139.086781,2740_1,,0,2740,,,1
2750_1,,下除毛,,35.740166,139.084034,2750_1,,0,2750,,,1
2760_0,,藤倉,,35.740384,139.081849,2760_0,,0,2760,,,0
2760_10,,藤倉,,35.740384,139.081849,2760_10,,0,2760,,,10
2770_1,,吉祥滝,,35.725548,139.147331,2770_1,,0,2770,,,1
2770_10,,吉祥滝,,35.725657,139.147242,2770_10,,0,2770,,,10
2780_10,,馬場,,35.715506,139.151079,2780_10,,0,2780,,,10
2790_10,,笹野,,35.712936,139.148995,2790_10,,0,2790,,,10
280_1,,バイパス大谷,,35.673343,139.353400,280_1,,0,280,,,1
280_10,,バイパス大谷,,35.672663,139.353474,280_10,,0,280,,,10
2800_1,,笹平,,35.707136,139.153271,2800_1,,0,2800,,,1
2800_10,,笹平,,35.707052,139.153154,2800_10,,0,2800,,,10
2810_10,,宮の沢,,35.704985,139.144734,2810_10,,0,2810,,,10
2820_10,,柏木野,,35.702273,139.140583,2820_10,,0,2820,,,10
2830_10,,出畑,,35.702728,139.132039,2830_10,,0,2830,,,10
2840_10,,南郷,,35.702613,139.128640,2840_10,,0,2840,,,10
2850_10,,京岳,,35.704755,139.124761,2850_10,,0,2850,,,10
2860_10,,下川乗,,35.704822,139.121280,2860_10,,0,2860,,,10
2870_10,,上川乗,,35.703512,139.112856,2870_10,,0,2870,,,10
2880_10,,下和田,,35.710644,139.092577,2880_10,,0,2880,,,10
2890_1,,人里,,35.712731,139.089187,2890_1,,0,2890,,,1
2890_10,,人里,,35.712742,139.089744,2890_10,,0,2890,,,10
290_1,,団地入口,,35.668920,139.353365,290_1,,0,290,,,1
290_10,,団地入口,,35.669165,139.353585,290_10,,0,290,,,10
2900_10,,西川橋,,35.713571,139.086407,2900_10,,0,2900,,,10
2910_10,,戸貫久保,,35.713852,139.079893,2910_10,,0,2910,,,10
2930_10,,笛吹入口,,35.713231,139.077326,2930_10,,0,2930,,,10
2940_10,,手打前,,35.716547,139.074751,2940_10,,0,2940,,,10
2950_10,,数馬下,,35.719922,139.065779,2950_10,,0,2950,,,10
2960_1,,浅間尾根登山口,,35.723552,139.062830,2960_1,,0,2960,,,1
2960_10,,浅間尾根登山口,,35.723641,139.062856,2960_10,,0,2960,,,10
2970_10,,下平,,35.724352,139.057950,2970_10,,0,2970,,,10
2980_1,,温泉センター,,35.724439,139.053737,2980_1,,0,2980,,,1
2980_10,,温泉センター,,35.724501,139.054320,2980_10,,0,2980,,,10
30_1,,大和田,,35.662320,139.349632,30_1,,0,30,,,1
30_10,,大和田,,35.662192,139.349846,30_10,,0,30,,,10
3000_10,,仲の平,,35.725242,139.051725,3000_10,,0,3000,,,10
3010_0,,数馬,,35.726582,139.047779,3010_0,,0,3010,,,0
3010_1,,数馬,,35.726582,139.047779,3010_1,,0,3010,,,1
3010_10,,数馬,,35.726582,139.047779,3010_10,,0,3010,,,1
3020_1,,落合橋,,35.729466,139.188727,3020_1,,0,3020,,,1
3020_10,,落合橋,,35.729503,139.188648,3020_10,,0,3020,,,10
3040_1,,札立,,35.730225,139.183869,3040_1,,0,3040,,,1
3040_10,,札立,,35.730395,139.184585,3040_10,,0,3040,,,10
3060_1,,軍道,,35.733606,139.183133,3060_1,,0,3060,,,1
3060_10,,軍道,,35.733636,139.183289,3060_10,,0,3060,,,10
3080_10,,秋川国際マス釣場,,35.735210,139.186663,3080_10,,0,3080,,,10
3090_10,,曾利郷橋,,35.737244,139.188649,3090_10,,0,3090,,,10
310_10,,大和田団地,,35.668360,139.352635,310_10,,0,310,,,10
3100_10,,本須,,35.741065,139.190165,3100_10,,0,3100,,,10
3120_10,,怒田畑,,35.744680,139.189224,3120_10,,0,3120,,,10
3130_10,,海入道,,35.746069,139.185862,3130_10,,0,3130,,,10
3140_10,,宝沢,,35.747875,139.184879,3140_10,,0,3140,,,10
3150_10,,木和田平,,35.751802,139.182021,3150_10,,0,3150,,,10
3160_10,,神谷,,35.754949,139.178769,3160_10,,0,3160,,,10
3170_10,,三つ合,,35.755419,139.171887,3170_10,,0,3170,,,10
3180_10,,大岳鍾乳洞入口,,35.758787,139.170428,3180_10,,0,3180,,,10
3190_0,,上養沢,,35.760172,139.171434,3190_0,,0,3190,,,0
3190_10,,上養沢,,35.760172,139.171434,3190_10,,0,3190,,,10
320_1,,大和田小学校,,35.666629,139.353723,320_1,,0,320,,,1
320_10,,大和田小学校,,35.666268,139.353348,320_10,,0,320,,,10
3200_0,,武蔵五日市駅,,35.731792,139.228067,3200_0,,0,3200,,,0
3200_1,,武蔵五日市駅,,35.732258,139.228292,3200_1,,0,3200,,,1
3200_2,,武蔵五日市駅,,35.732369,139.228423,3200_2,,0,3200,,,2
3200_3,,武蔵五日市駅,,35.732360,139.228737,3200_3,,0,3200,,,3
3200_5,,武蔵五日市駅,,35.732360,139.228737,3200_5,,0,3200,,,3
3200_8,,武蔵五日市駅,,35.732360,139.228737,3200_8,,0,3200,,,3
321_10,,大和田小学校前歩道橋,,35.665339,139.353981,321_10,,0,321,,,
3210_1,,舘谷,,35.730721,139.231316,3210_1,,0,3210,,,1
3210_10,,舘谷,,35.730560,139.231356,3210_10,,0,3210,,,10
3220_1,,下舘谷,,35.729625,139.234693,3220_1,,0,3220,,,1
3220_10,,下舘谷,,35.729659,139.234147,3220_10,,0,3220,,,10
3230_1,,五日市高尾,,35.728836,139.240336,3230_1,,0,3230,,,1
3230_10,,五日市高尾,,35.728813,139.239124,3230_10,,0,3230,,,10
3240_1,,伊奈坂上,,35.728342,139.244353,3240_1,,0,3240,,,1
3240_10,,伊奈坂上,,35.727893,139.244860,3240_10,,0,3240,,,10
3240_8,,伊奈坂上,,35.728342,139.244353,3240_8,,0,3240,,,1
3240_9,,伊奈坂上,,35.727893,139.244860,3240_9,,0,3240,,,10
3250_1,,伊奈,,35.727311,139.247144,3250_1,,0,3250,,,1
3250_10,,伊奈,,35.727328,139.246438,3250_10,,0,3250,,,10
3250_8,,伊奈,,35.727311,139.247144,3250_8,,0,3250,,,1
3250_9,,伊奈,,35.727328,139.246438,3250_9,,0,3250,,,10
3260_1,,伊奈新宿,,35.726668,139.250776,3260_1,,0,3260,,,1
3260_10,,伊奈新宿,,35.726516,139.251007,3260_10,,0,3260,,,10
3260_8,,伊奈新宿,,35.726668,139.250776,3260_8,,0,3260,,,1
3260_9,,伊奈新宿,,35.726516,139.251007,3260_9,,0,3260,,,10
3270_1,,網代入口,,35.726642,139.253872,3270_1,,0,3270,,,1
3270_10,,網代入口,,35.726479,139.253855,3270_10,,0,3270,,,10
3270_8,,網代入口,,35.726642,139.253872,3270_8,,0,3270,,,1
3270_9,,網代入口,,35.726479,139.253855,3270_9,,0,3270,,,10
3280_1,,山田,,35.726400,139.260758,3280_1,,0,3280,,,1
3280_10,,山田,,35.726502,139.259837,3280_10,,0,3280,,,10
3280_8,,山田,,35.726400,139.260758,3280_8,,0,3280,,,1
3280_9,,山田,,35.726502,139.259837,3280_9,,0,3280,,,10
3290_1,,東山田,,35.725944,139.263496,3290_1,,0,3290,,,1
3290_10,,東山田,,35.725833,139.263383,3290_10,,0,3290,,,10
3290_8,,東山田,,35.725944,139.263496,3290_8,,0,3290,,,1
3290_9,,東山田,,35.725833,139.263383,3290_9,,0,3290,,,10
330_1,,大和田団地下,,35.666468,139.350122,330_1,,0,330,,,1
330_10,,大和田団地下,,35.666928,139.347561,330_10,,0,330,,,10
3300_1,,引田,,35.725853,139.267187,3300_1,,0,3300,,,1
3300_10,,引田,,35.725745,139.265787,3300_10,,0,3300,,,10
3300_8,,引田,,35.725853,139.267187,3300_8,,0,3300,,,1
3300_9,,引田,,35.725745,139.265787,3300_9,,0,3300,,,10
3310_1,,原店,,35.725585,139.271833,3310_1,,0,3310,,,1
3310_10,,原店,,35.725532,139.270823,3310_10,,0,3310,,,10
3310_8,,原店,,35.725585,139.271833,3310_8,,0,3310,,,1
3310_9,,原店,,35.725532,139.270823,3310_9,,0,3310,,,10
3320_1,,渕上,,35.726214,139.276417,3320_1,,0,3320,,,1
3320_10,,渕上,,35.725877,139.275312,3320_10,,0,3320,,,10
3320_9,,渕上,,35.725877,139.275312,3320_9,,0,3320,,,10
3330_1,,代継,,35.727404,139.281708,3330_1,,0,3330,,,1
3330_10,,代継,,35.727527,139.282326,3330_10,,0,3330,,,10
3330_9,,代継,,35.727527,139.282326,3330_9,,0,3330,,,9
3340_1,,油平北,,35.727341,139.288567,3340_1,,0,3340,,,1
3340_10,,油平北,,35.727195,139.288378,3340_10,,0,3340,,,10
3350_1,,油平,,35.722113,139.286867,3350_1,,0,3350,,,1
3350_10,,油平,,35.721471,139.286967,3350_10,,0,3350,,,10
3360_1,,牛沼,,35.719998,139.286205,3360_1,,0,3360,,,1
3360_10,,牛沼,,35.724558,139.288506,3360_10,,0,3360,,,10
3370_10,,秋川キララホール入口,,35.731307,139.286759,3370_10,,0,3370,,,10
3370_11,,秋川キララホール入口,,35.731785,139.286497,3370_11,,0,3370,,,1
3370_8,,秋川キララホール入口,,35.731307,139.286759,3370_8,,0,3370,,,10
3370_9,,秋川キララホール入口,,35.731785,139.286497,3370_9,,0,3370,,,1
3371_1,,あきる野保健相談所,,35.728796,139.289729,3371_1,,0,3371,,,1
3371_10,,あきる野保健相談所,,35.728642,139.290094,3371_10,,0,3371,,,10
3371_8,,あきる野保健相談所,,35.728796,139.289729,3371_8,,0,3371,,,1
3371_9,,あきる野保健相談所,,35.728642,139.290094,3371_9,,0,3371,,,10
3380_1,,あきる野市役所秋川庁舎,,35.728632,139.294541,3380_1,,0,3380,,,1
3380_10,,あきる野市役所秋川庁舎,,35.728533,139.294795,3380_10,,0,3380,,,10
3390_1,,東秋留駅上,,35.728708,139.311513,3390_1,,0,3390,,,1
3390_10,,東秋留駅上,,35.728696,139.311108,3390_10,,0,3390,,,10
3390_9,,東秋留駅上,,35.728708,139.311513,3390_9,,0,3390,,,1
340_1,,大和田７丁目,,35.667691,139.344570,340_1,,0,340,,,1
340_10,,大和田７丁目,,35.667536,139.344696,340_10,,0,340,,,10
3400_1,,東中学校入口,,35.728880,139.303344,3400_1,,0,3400,,,1
3400_10,,東中学校入口,,35.728738,139.302828,3400_10,,0,3400,,,10
3400_9,,東中学校入口,,35.728880,139.303344,3400_9,,0,3400,,,9
3410_1,,ファーマーズセンター,,35.728966,139.307464,3410_1,,0,3410,,,1
3410_10,,ファーマーズセンター,,35.728882,139.307988,3410_10,,0,3410,,,10
3410_9,,ファーマーズセンター,,35.728966,139.307464,3410_9,,0,3410,,,1
3420_11,,二の宮,,35.726862,139.318916,3420_11,,0,3420,,,11
3420_2,,二の宮,,35.727376,139.318487,3420_2,,0,3420,,,2
3421_1,,二宮本宿,,35.727662,139.316969,3421_1,,0,3421,,,
3421_10,,二宮本宿,,35.727770,139.317354,3421_10,,0,3421,,,
3440_9,,野辺,,35.724246,139.311165,3440_9,,0,3440,,,10
3460_1,,日室塚,,35.722913,139.304686,3460_1,,0,3460,,,1
3460_10,,日室塚,,35.722754,139.304799,3460_10,,0,3460,,,10
3460_9,,日室塚,,35.723391,139.304354,3460_9,,0,3460,,,11
3470_1,,東雨間,,35.722843,139.300351,3470_1,,0,3470,,,1
3470_10,,東雨間,,35.722681,139.300478,3470_10,,0,3470,,,10
3470_9,,東雨間,,35.722843,139.300351,3470_9,,0,3470,,,1
3490_1,,昭和橋,,35.723531,139.318727,3490_1,,0,3490,,,1
3490_10,,昭和橋,,35.724169,139.318787,3490_10,,0,3490,,,10
3500_1,,小川,,35.720209,139.318323,3500_1,,0,3500,,,1
3500_10,,小川,,35.720407,139.318195,3500_10,,0,3500,,,10
3500_11,,小川,,35.721294,139.317420,3500_11,,0,3500,,,11
3500_8,,小川,,35.720209,139.318323,3500_8,,0,3500,,,1
3500_9,,小川,,35.720407,139.318195,3500_9,,0,3500,,,10
3501_1,,西小川,,35.721085,139.315517,3501_1,,0,3501,,,1
3501_10,,西小川,,35.721173,139.315630,3501_10,,0,3501,,,10
3501_8,,西小川,,35.721085,139.315517,3501_8,,0,3501,,,1
3501_9,,西小川,,35.721173,139.315630,3501_9,,0,3501,,,10
3502_1,,野辺南,,35.721959,139.311411,3502_1,,0,3502,,,1
3502_10,,野辺南,,35.722097,139.311005,3502_10,,0,3502,,,10
3502_8,,野辺南,,35.721959,139.311411,3502_8,,0,3502,,,1
3502_9,,野辺南,,35.722097,139.311005,3502_9,,0,3502,,,10
3503_1,,雨間,,35.721829,139.298020,3503_1,,0,3503,,,1
3503_10,,雨間,,35.721918,139.297941,3503_10,,0,3503,,,10
3503_9,,雨間,,35.721829,139.298020,3503_9,,0,3503,,,1
3504_1,,南雨間,,35.715798,139.298832,3504_1,,0,3504,,,1
3504_10,,南雨間,,35.714748,139.298936,3504_10,,0,3504,,,10
3504_8,,南雨間,,35.715602,139.297993,3504_8,,0,3504,,,2
3504_9,,南雨間,,35.715595,139.298084,3504_9,,0,3504,,,11
3510_1,,東秋川橋,,35.716253,139.318276,3510_1,,0,3510,,,1
3510_10,,東秋川橋,,35.716257,139.318233,3510_10,,0,3510,,,10
3520_1,,高月,,35.715189,139.319152,3520_1,,0,3520,,,1
3520_10,,高月,,35.715126,139.319101,3520_10,,0,3520,,,10
3530_1,,高月集会所前,,35.713768,139.320764,3530_1,,0,3530,,,1
3530_10,,高月集会所前,,35.713878,139.320543,3530_10,,0,3530,,,10
3540_1,,高月整形外科病院,,35.711803,139.321489,3540_1,,0,3540,,,1
3540_10,,高月整形外科病院,,35.711389,139.321566,3540_10,,0,3540,,,10
3550_1,,滝,,35.707361,139.325817,3550_1,,0,3550,,,1
3550_10,,滝,,35.708066,139.325296,3550_10,,0,3550,,,10
3560_1,,多摩橋,,35.731858,139.320352,3560_1,,0,3560,,,1
3560_10,,多摩橋,,35.731932,139.320249,3560_10,,0,3560,,,10
3570_1,,市営プール,,35.733296,139.322222,3570_1,,0,3570,,,1
3570_10,,市営プール,,35.733532,139.322391,3570_10,,0,3570,,,10
3580_1,,中福生,,35.734768,139.324945,3580_1,,0,3580,,,1
3580_10,,中福生,,35.734903,139.324832,3580_10,,0,3580,,,10
360_1,,八王子郵便局,,35.666265,139.340860,360_1,,0,360,,,1
360_10,,八王子郵便局,,35.666616,139.341109,360_10,,0,360,,,10
360_2,,八王子郵便局,,35.666376,139.340894,360_2,,0,360,,,2
3600_1,,長沢,,35.740815,139.324173,3600_1,,0,3600,,,1
3600_10,,長沢,,35.740928,139.324143,3600_10,,0,3600,,,10
3610_0,,福生駅,,35.741906,139.327772,3610_0,,0,3610,,,0
3610_1,,福生駅,,35.742001,139.327643,3610_1,,0,3610,,,1
3610_2,,福生駅,,35.741929,139.327964,3610_2,,0,3610,,,2
3620_1,,玉見ヶ崎,,35.720011,139.322490,3620_1,,0,3620,,,1
3620_10,,玉見ヶ崎,,35.720167,139.322418,3620_10,,0,3620,,,10
3620_8,,玉見ヶ崎,,35.720011,139.322490,3620_8,,0,3620,,,1
3620_9,,玉見ヶ崎,,35.720167,139.322418,3620_9,,0,3620,,,10
3630_1,,睦橋,,35.719856,139.330531,3630_1,,0,3630,,,1
3630_10,,睦橋,,35.719978,139.330421,3630_10,,0,3630,,,10
3630_9,,睦橋,,35.719814,139.325803,3630_9,,0,3630,,,11
3640_1,,内出,,35.719836,139.333692,3640_1,,0,3640,,,1
3640_10,,内出,,35.720033,139.333578,3640_10,,0,3640,,,10
3670_0,,拝島駅,,35.720693,139.343067,3670_0,,0,3670,,,0
3670_10,,拝島駅,,35.720700,139.343380,3670_10,,0,3670,,,10
3670_3,,拝島駅,,35.720898,139.342980,3670_3,,0,3670,,,3
3670_4,,拝島駅,,35.720822,139.342791,3670_4,,0,3670,,,4
3670_5,,拝島駅,,35.720608,139.342701,3670_5,,0,3670,,,5
370_1,,浅川大橋南,,35.663747,139.339904,370_1,,0,370,,,1
370_10,,浅川大橋南,,35.662641,139.339690,370_10,,0,370,,,10
3700_1,,小荷田,,35.715589,139.338890,3700_1,,0,3700,,,1
3700_10,,小荷田,,35.716398,139.339659,3700_10,,0,3700,,,10
3710_1,,上宿,,35.712523,139.338048,3710_1,,0,3710,,,1
3710_10,,上宿,,35.712319,139.338222,3710_10,,0,3710,,,10
3720_1,,啓明学園,,35.708667,139.338955,3720_1,,0,3720,,,1
3720_10,,啓明学園,,35.708306,139.339723,3720_10,,0,3720,,,10
3730_1,,拝島会館,,35.706614,139.342048,3730_1,,0,3730,,,1
3730_10,,拝島会館,,35.707069,139.341522,3730_10,,0,3730,,,10
3740_1,,拝島第一小学校,,35.705671,139.343536,3740_1,,0,3740,,,1
3740_10,,拝島第一小学校,,35.705571,139.343827,3740_10,,0,3740,,,10
3750_1,,拝島大師,,35.704532,139.346286,3750_1,,0,3750,,,1
3750_10,,拝島大師,,35.704501,139.346824,3750_10,,0,3750,,,10
3760_1,,拝島河原,,35.701253,139.347685,3760_1,,0,3760,,,1
3760_10,,拝島河原,,35.701621,139.348119,3760_10,,0,3760,,,10
3770_1,,拝島橋,,35.694179,139.345586,3770_1,,0,3770,,,1
3770_10,,拝島橋,,35.694336,139.345896,3770_10,,0,3770,,,10
3780_1,,西武滝山台,,35.690395,139.348131,3780_1,,0,3780,,,1
3790_1,,永田橋,,35.739752,139.321513,3790_1,,0,3790,,,1
3790_10,,永田橋,,35.739594,139.320826,3790_10,,0,3790,,,10
380_1,,横山町,,35.659714,139.338222,380_1,,0,380,,,1
380_10,,横山町,,35.659862,139.337822,380_10,,0,380,,,10
380_2,,横山町,,35.659714,139.338222,380_2,,0,380,,,1
380_3,,横山町,,35.659719,139.338091,380_3,,0,380,,,2
3800_1,,花之岡,,35.738348,139.316273,3800_1,,0,3800,,,1
3800_10,,花之岡,,35.738392,139.314998,3800_10,,0,3800,,,10
381_1,,桑並木通り,,35.660240,139.339422,381_1,,0,381,,,1
381_10,,桑並木通り,,35.659326,139.339550,381_10,,0,381,,,10
3810_1,,下草花,,35.738468,139.310404,3810_1,,0,3810,,,1
3810_10,,下草花,,35.738598,139.310421,3810_10,,0,3810,,,10
3820_1,,草花,,35.738279,139.304585,3820_1,,0,3820,,,1
3820_10,,草花,,35.738631,139.305683,3820_10,,0,3820,,,10
3830_1,,門前,,35.738431,139.302279,3830_1,,0,3830,,,1
3830_10,,門前,,35.738591,139.303151,3830_10,,0,3830,,,10
3840_1,,あきる野市民球場,,35.738632,139.300024,3840_1,,0,3840,,,1
3840_10,,あきる野市民球場,,35.738776,139.300333,3840_10,,0,3840,,,10
3841_1,,瀬戸岡御堂橋,,35.738798,139.297821,3841_1,,0,3841,,,1
3841_10,,瀬戸岡御堂橋,,35.739030,139.296940,3841_10,,0,3841,,,10
3850_1,,小宮久保橋,,35.741451,139.293367,3850_1,,0,3850,,,1
3850_10,,小宮久保橋,,35.741388,139.293761,3850_10,,0,3850,,,10
3860_1,,菅瀬橋,,35.741695,139.289368,3860_1,,0,3860,,,1
3860_10,,菅瀬橋,,35.741797,139.289622,3860_10,,0,3860,,,10
3860_11,,菅瀬橋,,35.742851,139.290324,3860_11,,0,3860,,,11
3860_2,,菅瀬橋,,35.742065,139.290310,3860_2,,0,3860,,,2
3860_9,,菅瀬橋,,35.742851,139.290324,3860_9,,0,3860,,,9
3870_1,,神明森,,35.737005,139.290281,3870_1,,0,3870,,,1
3870_10,,神明森,,35.737057,139.290144,3870_10,,0,3870,,,10
3880_1,,西瀬戸岡,,35.735406,139.290558,3880_1,,0,3880,,,1
3880_10,,西瀬戸岡,,35.735403,139.291030,3880_10,,0,3880,,,10
3890_1,,瀬戸岡,,35.735811,139.293269,3890_1,,0,3890,,,1
3890_10,,瀬戸岡,,35.735781,139.292629,3890_10,,0,3890,,,10
390_0,,八王子駅北口,,35.656549,139.339293,390_0,,0,390,,,0
390_1,,八王子駅北口,,35.656606,139.338839,390_1,,0,390,,,1
390_10,,八王子駅北口,,35.656574,139.339612,390_10,,0,390,,,10
390_11,,八王子駅北口,,35.656756,139.339096,390_11,,0,390,,,11
390_12,,八王子駅北口,,35.656694,139.339478,390_12,,0,390,,,12
390_13,,八王子駅北口,,35.656756,139.339096,390_13,,0,390,,,13
390_14,,八王子駅北口,,35.656738,139.339239,390_14,,0,390,,,14
390_15,,八王子駅北口,,35.656706,139.338837,390_15,,0,390,,,15
390_2,,八王子駅北口,,35.656577,139.339010,390_2,,0,390,,,2
390_4,,八王子駅北口,,35.656706,139.338837,390_4,,0,390,,,4
390_5,,八王子駅北口,,35.656706,139.338837,390_5,,0,390,,,5
390_6,,八王子駅北口,,35.656706,139.338837,390_6,,0,390,,,6
390_7,,八王子駅北口,,35.656667,139.339078,390_7,,0,390,,,7
390_8,,八王子駅北口,,35.656637,139.339251,390_8,,0,390,,,8
390_9,,八王子駅北口,,35.656601,139.339445,390_9,,0,390,,,9
3900_1,,代田橋,,35.737122,139.296257,3900_1,,0,3900,,,1
3900_10,,代田橋,,35.736842,139.295751,3900_10,,0,3900,,,10
40_1,,大和田坂下,,35.662642,139.353767,40_1,,0,40,,,1
40_10,,大和田坂下,,35.662502,139.354008,40_10,,0,40,,,10
40_11,,大和田坂下,,35.663953,139.353519,40_11,,0,40,,,11
400_1,,横山町３丁目,,35.659852,139.334686,400_1,,0,400,,,1
400_10,,横山町３丁目,,35.659960,139.334926,400_10,,0,400,,,10
400_2,,横山町３丁目,,35.659852,139.334686,400_2,,0,400,,,1
400_3,,横山町３丁目,,35.659862,139.334542,400_3,,0,400,,,2
4000_0,,秋川駅,,35.728560,139.287048,4000_0,,0,4000,,,0
4000_1,,秋川駅,,35.728510,139.287269,4000_1,,0,4000,,,3
4000_10,,秋川駅,,35.728494,139.286728,4000_10,,0,4000,,,10
4000_2,,秋川駅,,35.728340,139.286916,4000_2,,0,4000,,,2
4000_3,,秋川駅,,35.728494,139.286728,4000_3,,0,4000,,,1
4000_4,,秋川駅,,35.728340,139.286916,4000_4,,0,4000,,,2
4000_5,,秋川駅,,35.728510,139.287269,4000_5,,0,4000,,,3
4000_9,,秋川駅,,35.728510,139.287269,4000_9,,0,4000,,,3
4010_1,,尾崎観音,,35.742011,139.283410,4010_1,,0,4010,,,1
4010_10,,尾崎観音,,35.742029,139.284101,4010_10,,0,4010,,,10
4020_1,,尾崎,,35.742298,139.280736,4020_1,,0,4020,,,1
4020_10,,尾崎,,35.741765,139.279509,4020_10,,0,4020,,,10
4030_1,,三吉野,,35.741351,139.277502,4030_1,,0,4030,,,1
4030_10,,三吉野,,35.741311,139.277098,4030_10,,0,4030,,,10
4040_1,,下平井,,35.740383,139.273752,4040_1,,0,4040,,,1
4040_10,,下平井,,35.740148,139.273356,4040_10,,0,4040,,,10
4050_1,,中平井,,35.740316,139.269862,4050_1,,0,4050,,,1
4050_10,,中平井,,35.740171,139.269862,4050_10,,0,4050,,,10
4080_1,,日の出福祉園前,,35.734393,139.281145,4080_1,,0,4080,,,1
4080_10,,日の出福祉園前,,35.734229,139.280608,4080_10,,0,4080,,,10
4080_8,,日の出福祉園前,,35.734393,139.281145,4080_8,,0,4080,,,1
4080_9,,日の出福祉園前,,35.734393,139.281145,4080_9,,0,4080,,,10
4081_0,,イオンモール日の出,,35.733922,139.275606,4081_0,,0,4081,,,0
4081_1,,イオンモール日の出,,35.733922,139.275606,4081_1,,0,4081,,,1
4081_10,,イオンモール日の出,,35.733922,139.275606,4081_10,,0,4081,,,1
4081_2,,イオンモール日の出,,35.733922,139.275606,4081_2,,0,4081,,,1
4082_1,,秋川３丁目,,35.734505,139.284389,4082_1,,0,4082,,,1
4082_10,,秋川３丁目,,35.734318,139.285425,4082_10,,0,4082,,,10
4082_8,,秋川３丁目,,35.734505,139.284389,4082_8,,0,4082,,,1
4082_9,,秋川３丁目,,35.734505,139.284389,4082_9,,0,4082,,,10
4090_0,,阿伎留医療センター,,35.732340,139.271917,4090_0,,0,4090,,,0
4090_1,,阿伎留医療センター,,35.732340,139.271917,4090_1,,0,4090,,,1
4090_10,,阿伎留医療センター,,35.732340,139.271917,4090_10,,0,4090,,,1
4090_11,,阿伎留医療センター,,35.732340,139.271917,4090_11,,0,4090,,,1
4090_8,,阿伎留医療センター,,35.732340,139.271917,4090_8,,0,4090,,,1
4090_9,,阿伎留医療センター,,35.732340,139.271917,4090_9,,0,4090,,,1
410_1,,八日町１丁目,,35.659973,139.332451,410_1,,0,410,,,1
410_10,,八日町１丁目,,35.660085,139.332549,410_10,,0,410,,,10
410_2,,八日町１丁目,,35.659973,139.332451,410_2,,0,410,,,1
410_3,,八日町１丁目,,35.659981,139.332328,410_3,,0,410,,,2
4100_1,,上平井,,35.740759,139.266329,4100_1,,0,4100,,,1
4100_10,,上平井,,35.740644,139.266427,4100_10,,0,4100,,,10
4110_1,,塩沢寳光寺前,,35.741483,139.262541,4110_1,,0,4110,,,1
4110_10,,塩沢寳光寺前,,35.741327,139.262768,4110_10,,0,4110,,,10
4120_1,,文化の森入口,,35.742571,139.258105,4120_1,,0,4120,,,1
4120_10,,文化の森入口,,35.742471,139.257906,4120_10,,0,4120,,,10
4130_0,,日の出折返場,,35.742556,139.253502,4130_0,,0,4130,,,0
4130_1,,日の出折返場,,35.742560,139.253124,4130_1,,0,4130,,,1
4130_10,,日の出折返場,,35.742562,139.253482,4130_10,,0,4130,,,10
4130_11,,日の出折返場,,35.742562,139.253482,4130_11,,0,4130,,,10
4130_2,,日の出折返場,,35.742560,139.253124,4130_2,,0,4130,,,1
4140_1,,落合,,35.743755,139.248507,4140_1,,0,4140,,,1
4140_10,,落合,,35.743748,139.248240,4140_10,,0,4140,,,10
4140_11,,落合,,35.743748,139.248240,4140_11,,0,4140,,,10
4140_2,,落合,,35.743755,139.248507,4140_2,,0,4140,,,1
4150_1,,諏訪下橋,,35.743987,139.244905,4150_1,,0,4150,,,1
4150_10,,諏訪下橋,,35.743984,139.245193,4150_10,,0,4150,,,10
4150_11,,諏訪下橋,,35.743984,139.245193,4150_11,,0,4150,,,10
4150_2,,諏訪下橋,,35.743987,139.244905,4150_2,,0,4150,,,1
4160_1,,羽生,,35.743267,139.241110,4160_1,,0,4160,,,1
4160_10,,羽生,,35.743368,139.240497,4160_10,,0,4160,,,10
4160_11,,羽生,,35.743368,139.240497,4160_11,,0,4160,,,10
4160_2,,羽生,,35.743267,139.241110,4160_2,,0,4160,,,1
4170_1,,多摩聖地霊園前（萓窪）,,35.744972,139.236431,4170_1,,0,4170,,,1
4170_10,,多摩聖地霊園前（萓窪）,,35.744885,139.236617,4170_10,,0,4170,,,10
4180_1,,幸神,,35.744590,139.233478,4180_1,,0,4180,,,1
4180_10,,幸神,,35.744230,139.232655,4180_10,,0,4180,,,10
4180_11,,幸神,,35.744230,139.232655,4180_11,,0,4180,,,11
4180_2,,幸神,,35.744590,139.233478,4180_2,,0,4180,,,2
4190_1,,大久野中学校,,35.743248,139.230597,4190_1,,0,4190,,,1
4190_10,,大久野中学校,,35.742733,139.230111,4190_10,,0,4190,,,10
4190_2,,大久野中学校,,35.743248,139.230597,4190_2,,0,4190,,,1
420_1,,八日町４丁目,,35.660180,139.329716,420_1,,0,420,,,1
420_10,,八日町４丁目,,35.660315,139.329699,420_10,,0,420,,,10
420_2,,八日町４丁目,,35.660710,139.328735,420_2,,0,420,,,3
420_3,,八日町４丁目,,35.660182,139.329716,420_3,,0,420,,,2
4200_1,,小机,,35.737290,139.228680,4200_1,,0,4200,,,1
4200_10,,小机,,35.737345,139.228576,4200_10,,0,4200,,,10
4200_2,,小机,,35.737345,139.228576,4200_2,,0,4200,,,10
4210_1,,小机坂下,,35.733471,139.230425,4210_1,,0,4210,,,1
4210_10,,小机坂下,,35.733544,139.230335,4210_10,,0,4210,,,10
4210_2,,小机坂下,,35.733544,139.230335,4210_2,,0,4210,,,10
4220_1,,新井,,35.746599,139.229208,4220_1,,0,4220,,,1
4230_1,,岩井橋,,35.749219,139.227792,4230_1,,0,4230,,,1
4240_1,,岩井,,35.752878,139.226509,4240_1,,0,4240,,,1
4250_1,,石山前,,35.754910,139.224835,4250_1,,0,4250,,,1
4260_1,,東細尾,,35.757060,139.219963,4260_1,,0,4260,,,1
4270_1,,細尾,,35.758447,139.215827,4270_1,,0,4270,,,1
4280_1,,西細尾,,35.762394,139.214244,4280_1,,0,4280,,,1
430_1,,織物組合,,35.660471,139.326209,430_1,,0,430,,,1
430_10,,織物組合,,35.660602,139.326160,430_10,,0,430,,,10
430_2,,織物組合,,35.660467,139.326225,430_2,,0,430,,,2
4300_1,,奈都地橋,,35.767469,139.206483,4300_1,,0,4300,,,1
4310_1,,肝要,,35.770611,139.205593,4310_1,,0,4310,,,1
4320_1,,慶福寺,,35.773172,139.204824,4320_1,,0,4320,,,1
4330_1,,一の護王下,,35.773693,139.202448,4330_1,,0,4330,,,1
4340_1,,白岩滝,,35.774052,139.198860,4340_1,,0,4340,,,1
4350_1,,松尾,,35.775207,139.195593,4350_1,,0,4350,,,1
4351_0,,つるつる温泉,,35.779792,139.192156,4351_0,,0,4351,,,0
4351_10,,つるつる温泉,,35.779792,139.192156,4351_10,,0,4351,,,10
4352_8,,武蔵引田駅入口,,35.730215,139.271026,4352_8,,0,4352,,,8
4352_9,,武蔵引田駅入口,,35.730055,139.271072,4352_9,,0,4352,,,9
4360_1,,若宮,,35.746153,139.290033,4360_1,,0,4360,,,1
4360_10,,若宮,,35.745776,139.290234,4360_10,,0,4360,,,10
4360_9,,若宮,,35.745776,139.290234,4360_9,,0,4360,,,10
4370_1,,鯉川橋,,35.748798,139.290280,4370_1,,0,4370,,,1
4370_10,,鯉川橋,,35.747843,139.289956,4370_10,,0,4370,,,10
4370_9,,鯉川橋,,35.747843,139.289956,4370_9,,0,4370,,,10
4380_1,,下菅生,,35.750638,139.290079,4380_1,,0,4380,,,1
4380_10,,下菅生,,35.750453,139.290250,4380_10,,0,4380,,,10
4390_1,,恵明学園前,,35.768909,139.294335,4390_1,,0,4390,,,1
4390_10,,恵明学園前,,35.768638,139.294631,4390_10,,0,4390,,,10
440_1,,本郷横丁,,35.661085,139.323270,440_1,,0,440,,,1
440_10,,本郷横丁,,35.660789,139.323847,440_10,,0,440,,,10
440_2,,本郷横丁,,35.660728,139.322804,440_2,,0,440,,,2
4400_1,,友田,,35.771296,139.291199,4400_1,,0,4400,,,1
4400_10,,友田,,35.771607,139.292610,4400_10,,0,4400,,,10
4400_2,,友田,,35.771607,139.292610,4400_2,,0,4400,,,2
4410_1,,菅生,,35.754342,139.287743,4410_1,,0,4410,,,1
4410_10,,菅生,,35.754303,139.288154,4410_10,,0,4410,,,10
4420_0,,菅生学園学びの城,,35.757108,139.285776,4420_0,,0,4420,,,0
4420_1,,菅生学園学びの城,,35.757108,139.285776,4420_1,,0,4420,,,1
4420_10,,菅生学園学びの城,,35.757108,139.285776,4420_10,,0,4420,,,10
4420_11,,菅生学園学びの城,,35.757108,139.285776,4420_11,,0,4420,,,11
4430_1,,上菅生,,35.756646,139.283630,4430_1,,0,4430,,,1
4430_10,,上菅生,,35.756502,139.283938,4430_10,,0,4430,,,10
4440_0,,菅生高校,,35.757299,139.279294,4440_0,,0,4440,,,0
4440_1,,菅生高校,,35.757228,139.279200,4440_1,,0,4440,,,1
4440_2,,菅生高校,,35.757228,139.279200,4440_2,,0,4440,,,2
4450_1,,小作坂下,,35.772084,139.296862,4450_1,,0,4450,,,1
4450_10,,小作坂下,,35.772218,139.296679,4450_10,,0,4450,,,10
4450_17,,小作坂下,,35.772210,139.296723,4450_17,,0,4450,,,10
4450_8,,小作坂下,,35.772084,139.296862,4450_8,,0,4450,,,1
450_1,,追分,,35.660826,139.319853,450_1,,0,450,,,1
450_10,,追分,,35.660966,139.319376,450_10,,0,450,,,10
4570_1,,小作坂上,,35.773597,139.301782,4570_1,,0,4570,,,1
4570_10,,小作坂上,,35.773546,139.301641,4570_10,,0,4570,,,10
4570_11,,小作坂上,,35.773597,139.301782,4570_11,,0,4570,,,1
4570_17,,小作坂上,,35.773597,139.301782,4570_17,,0,4570,,,1
4570_8,,小作坂上,,35.773546,139.301641,4570_8,,0,4570,,,10
4580_10,,小作駅入口,,35.776924,139.305362,4580_10,,0,4580,,,10
4580_17,,小作駅入口,,35.776894,139.305185,4580_17,,0,4580,,,1
4580_8,,小作駅入口,,35.776894,139.305185,4580_8,,0,4580,,,1
4590_0,,小作駅東口,,35.776686,139.302489,4590_0,,0,4590,,,0
4590_1,,小作駅東口,,35.776512,139.302080,4590_1,,0,4590,,,1
4590_17,,小作駅東口,,35.776512,139.302087,4590_17,,0,4590,,,1
4590_2,,小作駅東口,,35.776836,139.302041,4590_2,,0,4590,,,2
4590_3,,小作駅東口,,35.776564,139.302612,4590_3,,0,4590,,,3
460_1,,日吉町,,35.661445,139.314472,460_1,,0,460,,,1
460_10,,日吉町,,35.661556,139.314323,460_10,,0,460,,,10
461_1,,日吉八王子神社入口,,35.660696,139.313665,461_1,,0,461,,,1
461_10,,日吉八王子神社入口,,35.660912,139.313804,461_10,,0,461,,,10
461_17,,日吉八王子神社入口,,35.660912,139.313804,461_17,,0,461,,,10
461_8,,日吉八王子神社入口,,35.660696,139.313665,461_8,,0,461,,,1
4620_1,,栄町２丁目,,35.770087,139.309502,4620_1,,0,4620,,,1
4620_10,,栄町２丁目,,35.769948,139.309759,4620_10,,0,4620,,,10
4620_17,,栄町２丁目,,35.769948,139.309759,4620_17,,0,4620,,,10
4620_8,,栄町２丁目,,35.770087,139.309502,4620_8,,0,4620,,,1
4630_0,,羽村市役所,,35.767416,139.311444,4630_0,,0,4630,,,0
4630_1,,羽村市役所,,35.767416,139.311444,4630_1,,0,4630,,,1
4630_10,,羽村市役所,,35.767758,139.311372,4630_10,,0,4630,,,10
4630_17,,羽村市役所,,35.767758,139.311372,4630_17,,0,4630,,,10
4630_8,,羽村市役所,,35.767416,139.311444,4630_8,,0,4630,,,1
4660_0,,羽村駅東口,,35.758573,139.316122,4660_0,,0,4660,,,0
4660_10,,羽村駅東口,,35.758739,139.316310,4660_10,,0,4660,,,10
4660_17,,羽村駅東口,,35.758848,139.316230,4660_17,,0,4660,,,11
4660_8,,羽村駅東口,,35.758848,139.316230,4660_8,,0,4660,,,11
470_1,,水無瀬橋,,35.662020,139.311919,470_1,,0,470,,,1
470_10,,水無瀬橋,,35.661893,139.312092,470_10,,0,470,,,10
4720_1,,末広町１丁目,,35.777524,139.312460,4720_1,,0,4720,,,1
4720_10,,末広町１丁目,,35.777342,139.312510,4720_10,,0,4720,,,10
4730_1,,住友前,,35.778732,139.314787,4730_1,,0,4730,,,1
4730_10,,住友前,,35.778620,139.314917,4730_10,,0,4730,,,10
4740_1,,新町東,,35.781304,139.316481,4740_1,,0,4740,,,1
4740_10,,新町東,,35.781279,139.316655,4740_10,,0,4740,,,10
4750_1,,中原,,35.784085,139.317369,4750_1,,0,4750,,,1
4750_10,,中原,,35.782912,139.317919,4750_10,,0,4750,,,10
4750_11,,中原,,35.782897,139.317919,4750_11,,0,4750,,,11
4750_2,,中原,,35.783036,139.318179,4750_2,,0,4750,,,2
4751_1,,中原北,,35.786639,139.317520,4751_1,,0,4751,,,1
4751_10,,中原北,,35.786785,139.317632,4751_10,,0,4751,,,10
4760_1,,青梅新町,,35.788141,139.317604,4760_1,,0,4760,,,1
4760_10,,青梅新町,,35.788645,139.317739,4760_10,,0,4760,,,10
4770_1,,日立前,,35.789902,139.321355,4770_1,,0,4770,,,1
4770_10,,日立前,,35.789758,139.320502,4770_10,,0,4770,,,10
4775_1,,太陽誘電モバテク前,,35.792104,139.322401,4775_1,,0,4775,,,1
4775_10,,太陽誘電モバテク前,,35.791578,139.323227,4775_10,,0,4775,,,10
4780_1,,物見塚,,35.793201,139.321016,4780_1,,0,4780,,,1
4780_10,,物見塚,,35.792786,139.321693,4780_10,,0,4780,,,10
4785_1,,昭洋工業,,35.794121,139.319872,4785_1,,0,4785,,,1
4785_10,,昭洋工業,,35.793897,139.320292,4785_10,,0,4785,,,10
4790_1,,三ツ原工業会館,,35.796953,139.313694,4790_1,,0,4790,,,1
4790_10,,三ツ原工業会館,,35.796616,139.312374,4790_10,,0,4790,,,10
4800_1,,今井３丁目,,35.796158,139.310523,4800_1,,0,4800,,,1
4800_10,,今井３丁目,,35.795937,139.309932,4800_10,,0,4800,,,10
4810_1,,三ツ原西,,35.795228,139.308633,4810_1,,0,4810,,,1
4810_10,,三ツ原西,,35.794758,139.308555,4810_10,,0,4810,,,10
4820_1,,畜産試験場,,35.791124,139.309482,4820_1,,0,4820,,,1
4820_10,,畜産試験場,,35.791468,139.309248,4820_10,,0,4820,,,10
4830_1,,平松北,,35.787605,139.310039,4830_1,,0,4830,,,1
4830_10,,平松北,,35.782893,139.308127,4830_10,,0,4830,,,10
4831_1,,平松,,35.784529,139.309196,4831_1,,0,4831,,,1
4831_10,,平松,,35.784580,139.309037,4831_10,,0,4831,,,10
4840_1,,平松南,,35.783080,139.308424,4840_1,,0,4840,,,1
4840_10,,平松南,,35.782860,139.308124,4840_10,,0,4840,,,10
4860_1,,末広二丁目西,,35.780156,139.307008,4860_1,,0,4860,,,1
4860_10,,末広二丁目西,,35.780573,139.306525,4860_10,,0,4860,,,10
4870_1,,産業道路,,35.779556,139.307831,4870_1,,0,4870,,,1
4870_10,,産業道路,,35.779187,139.308389,4870_10,,0,4870,,,10
4870_11,,産業道路,,35.779187,139.308389,4870_11,,0,4870,,,10
4890_0,,西東京バス青梅支所,,35.777985,139.310826,4890_0,,0,4890,,,0
4890_1,,西東京バス青梅支所,,35.777985,139.310826,4890_1,,0,4890,,,1
4890_10,,西東京バス青梅支所,,35.777901,139.310623,4890_10,,0,4890,,,10
4890_2,,西東京バス青梅支所,,35.777985,139.310826,4890_2,,0,4890,,,2
490_0,,西八王子駅,,35.656935,139.312395,490_0,,0,490,,,0
490_1,,西八王子駅,,35.657328,139.313122,490_1,,0,490,,,1
490_2,,西八王子駅,,35.657254,139.312986,490_2,,0,490,,,2
490_3,,西八王子駅,,35.657092,139.312760,490_3,,0,490,,,3
490_4,,西八王子駅,,35.657048,139.312617,490_4,,0,490,,,4
490_8,,西八王子駅,,35.657328,139.313122,490_8,,0,490,,,1
490_9,,西八王子駅,,35.657254,139.312986,490_9,,0,490,,,2
4910_1,,誠明学園,,35.781655,139.303018,4910_1,,0,4910,,,1
4910_10,,誠明学園,,35.781304,139.303128,4910_10,,0,4910,,,10
4911_1,,霞町新町,,35.787738,139.303101,4911_1,,0,4911,,,1
4911_10,,霞町新町,,35.787879,139.303215,4911_10,,0,4911,,,10
4912_1,,新町南公園,,35.780332,139.304692,4912_1,,0,4912,,,1
4912_10,,新町南公園,,35.780269,139.304514,4912_10,,0,4912,,,10
4913_1,,新町４丁目,,35.784974,139.303067,4913_1,,0,4913,,,1
4913_10,,新町４丁目,,35.785039,139.303163,4913_10,,0,4913,,,10
4920_1,,宮の前,,35.791491,139.303335,4920_1,,0,4920,,,1
4920_10,,宮の前,,35.791261,139.303423,4920_10,,0,4920,,,10
4930_1,,今寺,,35.793609,139.303672,4930_1,,0,4930,,,1
4930_10,,今寺,,35.793569,139.303759,4930_10,,0,4930,,,10
4940_1,,藤橋小学校,,35.798251,139.304509,4940_1,,0,4940,,,1
4940_10,,藤橋小学校,,35.798448,139.304638,4940_10,,0,4940,,,10
4950_1,,八雲神社,,35.800935,139.305184,4950_1,,0,4950,,,1
4950_10,,八雲神社,,35.800973,139.305303,4950_10,,0,4950,,,10
4960_1,,藤橋,,35.803294,139.305388,4960_1,,0,4960,,,1
4960_10,,藤橋,,35.803175,139.305573,4960_10,,0,4960,,,10
4970_1,,七日市場,,35.804849,139.306331,4970_1,,0,4970,,,1
4970_10,,七日市場,,35.804867,139.306506,4970_10,,0,4970,,,10
4980_1,,峠下,,35.808047,139.303633,4980_1,,0,4980,,,1
4980_10,,峠下,,35.808525,139.303150,4980_10,,0,4980,,,10
4990_1,,市営住宅,,35.808548,139.300908,4990_1,,0,4990,,,1
4990_10,,市営住宅,,35.808546,139.300707,4990_10,,0,4990,,,10
50_1,,石川入口,,35.663185,139.356165,50_1,,0,50,,,1
50_10,,石川入口,,35.663034,139.356277,50_10,,0,50,,,10
500_1,,横川,,35.664451,139.304666,500_1,,0,500,,,1
500_10,,横川,,35.663968,139.305942,500_10,,0,500,,,10
500_17,,横川,,35.663968,139.305942,500_17,,0,500,,,10
500_8,,横川,,35.664353,139.304309,500_8,,0,500,,,2
5000_1,,木野下神社,,35.807263,139.296836,5000_1,,0,5000,,,1
5000_10,,木野下神社,,35.807511,139.297416,5000_10,,0,5000,,,10
5010_1,,木野下,,35.805670,139.294269,5010_1,,0,5010,,,1
5010_10,,木野下,,35.805645,139.294093,5010_10,,0,5010,,,10
5020_1,,谷野,,35.803304,139.290423,5020_1,,0,5020,,,1
5020_10,,谷野,,35.803191,139.289908,5020_10,,0,5020,,,10
5030_1,,塩船観音入口,,35.801956,139.288311,5030_1,,0,5030,,,1
5030_10,,塩船観音入口,,35.801847,139.287818,5030_10,,0,5030,,,10
5040_1,,青梅慶友病院,,35.799207,139.287969,5040_1,,0,5040,,,1
5040_10,,青梅慶友病院,,35.799511,139.287775,5040_10,,0,5040,,,10
5050_1,,霞橋,,35.796953,139.289116,5050_1,,0,5050,,,1
5050_10,,霞橋,,35.796944,139.289298,5050_10,,0,5050,,,10
5060_1,,ＪＡ西東京,,35.794517,139.291695,5060_1,,0,5060,,,1
5060_10,,ＪＡ西東京,,35.794349,139.291616,5060_10,,0,5060,,,10
5070_1,,看護学校入口,,35.792636,139.292758,5070_1,,0,5070,,,1
5070_10,,看護学校入口,,35.792621,139.292632,5070_10,,0,5070,,,10
5080_0,,青梅看護専門学校,,35.792934,139.295833,5080_0,,0,5080,,,0
5080_1,,青梅看護専門学校,,35.792934,139.295833,5080_1,,0,5080,,,1
5080_10,,青梅看護専門学校,,35.792821,139.295736,5080_10,,0,5080,,,10
5081_1,,野上町３丁目,,35.790808,139.291697,5081_1,,0,5081,,,1
5081_10,,野上町３丁目,,35.790948,139.291876,5081_10,,0,5081,,,10
5082_1,,大門,,35.791090,139.294571,5082_1,,0,5082,,,1
5082_10,,大門,,35.791214,139.294556,5082_10,,0,5082,,,10
5090_1,,霞台第二住宅,,35.790483,139.287782,5090_1,,0,5090,,,1
5090_10,,霞台第二住宅,,35.790700,139.288851,5090_10,,0,5090,,,10
510_1,,三村橋,,35.666640,139.302695,510_1,,0,510,,,1
510_10,,三村橋,,35.667112,139.302579,510_10,,0,510,,,10
510_11,,三村橋,,35.667112,139.302579,510_11,,0,510,,,10
5110_1,,河辺北,,35.789506,139.286869,5110_1,,0,5110,,,1
5110_10,,河辺北,,35.789561,139.286755,5110_10,,0,5110,,,10
5120_0,,河辺駅北口,,35.784564,139.285334,5120_0,,0,5120,,,0
5120_2,,河辺駅北口,,35.784564,139.285334,5120_2,,0,5120,,,2
5130_0,,小作駅西口,,35.776198,139.301474,5130_0,,0,5130,,,0
5130_1,,小作駅西口,,35.776072,139.301871,5130_1,,0,5130,,,1
5130_17,,小作駅西口,,35.776198,139.301474,5130_17,,0,5130,,,2
5130_2,,小作駅西口,,35.775560,139.301154,5130_2,,0,5130,,,3
5130_3,,小作駅西口,,35.776072,139.301871,5130_3,,0,5130,,,1
5170_1,,河辺駅入口,,35.788222,139.286862,5170_1,,0,5170,,,1
5170_10,,河辺駅入口,,35.787675,139.286657,5170_10,,0,5170,,,10
5180_0,,河辺駅南口,,35.784112,139.284648,5180_0,,0,5180,,,0
5180_2,,河辺駅南口,,35.783780,139.284829,5180_2,,0,5180,,,1
5180_3,,河辺駅南口,,35.784112,139.284648,5180_3,,0,5180,,,2
5200_1,,東青梅４丁目,,35.785386,139.279531,5200_1,,0,5200,,,1
5200_10,,東青梅４丁目,,35.785595,139.279358,5200_10,,0,5200,,,10
5220_1,,東青梅駅,,35.789825,139.272194,5220_1,,0,5220,,,1
5270_1,,住吉神社前,,35.788723,139.260825,5270_1,,0,5270,,,1
5270_10,,住吉神社前,,35.788796,139.261049,5270_10,,0,5270,,,10
5280_1,,千ヶ瀬,,35.785523,139.264984,5280_1,,0,5280,,,1
5280_10,,千ヶ瀬,,35.785370,139.265135,5280_10,,0,5280,,,10
5300_10,,上長渕,,35.782430,139.264621,5300_10,,0,5300,,,10
5300_2,,上長渕,,35.782336,139.264350,5300_2,,0,5300,,,1
5320_1,,青梅第二小学校,,35.779735,139.270916,5320_1,,0,5320,,,1
5320_10,,青梅第二小学校,,35.779713,139.271130,5320_10,,0,5320,,,10
5321_1,,玉川神社前,,35.778419,139.272906,5321_1,,0,5321,,,1
5321_10,,玉川神社前,,35.778628,139.272789,5321_10,,0,5321,,,10
5340_1,,中郷,,35.781166,139.268032,5340_1,,0,5340,,,1
5340_10,,中郷,,35.781596,139.267278,5340_10,,0,5340,,,10
5350_1,,長渕駐在,,35.777726,139.274201,5350_1,,0,5350,,,1
5350_10,,長渕駐在,,35.777474,139.275349,5350_10,,0,5350,,,10
5360_1,,万場坂,,35.776566,139.277607,5360_1,,0,5360,,,1
5360_10,,万場坂,,35.776428,139.278189,5360_10,,0,5360,,,10
5361_1,,長渕１丁目,,35.775373,139.279961,5361_1,,0,5361,,,1
5361_10,,長渕１丁目,,35.775473,139.280023,5361_10,,0,5361,,,10
5370_1,,四谷橋,,35.774208,139.282528,5370_1,,0,5370,,,1
5370_10,,四谷橋,,35.774362,139.282503,5370_10,,0,5370,,,10
5380_1,,四谷,,35.772734,139.285216,5380_1,,0,5380,,,1
5380_10,,四谷,,35.773255,139.284397,5380_10,,0,5380,,,10
5390_1,,友田神社,,35.772071,139.286738,5390_1,,0,5390,,,1
5390_10,,友田神社,,35.772306,139.286510,5390_10,,0,5390,,,10
540_1,,元本郷１丁目,,35.664491,139.321549,540_1,,0,540,,,1
540_10,,元本郷１丁目,,35.664558,139.321789,540_10,,0,540,,,10
5400_1,,友田南,,35.771505,139.289201,5400_1,,0,5400,,,1
5400_10,,友田南,,35.771636,139.288929,5400_10,,0,5400,,,10
5410_1,,長渕４丁目,,35.782108,139.272755,5410_1,,0,5410,,,1
5410_10,,長渕４丁目,,35.781160,139.272600,5410_10,,0,5410,,,10
5420_1,,千ヶ瀬２丁目,,35.785777,139.273000,5420_1,,0,5420,,,1
5420_10,,千ヶ瀬２丁目,,35.785130,139.272851,5420_10,,0,5420,,,10
5430_0,,青梅駅,,35.789984,139.258018,5430_0,,0,5430,,,0
5430_1,,青梅駅,,35.790032,139.258692,5430_1,,0,5430,,,1
550_1,,八王子警察署前,,35.664795,139.318434,550_1,,0,550,,,1
550_10,,八王子警察署前,,35.664841,139.318911,550_10,,0,550,,,10
5520_1,,宮の平駅,,35.787656,139.238006,5520_1,,0,5520,,,1
5520_10,,宮の平駅,,35.787400,139.237417,5520_10,,0,5520,,,10
5560_1,,日向和田駅,,35.788396,139.229295,5560_1,,0,5560,,,1
5560_10,,日向和田駅,,35.788150,139.229581,5560_10,,0,5560,,,10
5580_1,,石神前駅,,35.796401,139.223999,5580_1,,0,5580,,,1
560_1,,市役所入口,,35.665098,139.315418,560_1,,0,560,,,1
560_10,,市役所入口,,35.665181,139.315422,560_10,,0,560,,,10
561_1,,市役所南,,35.664749,139.314525,561_1,,0,561,,,1
561_10,,市役所南,,35.664541,139.314674,561_10,,0,561,,,10
561_17,,市役所南,,35.664541,139.314674,561_17,,0,561,,,17
561_8,,市役所南,,35.664749,139.314585,561_8,,0,561,,,8
5620_1,,二俣尾駅,,35.804068,139.215596,5620_1,,0,5620,,,1
5620_10,,二俣尾駅,,35.804531,139.215166,5620_10,,0,5620,,,10
5630_1,,軍畑駅入口,,35.805407,139.206084,5630_1,,0,5630,,,1
5630_10,,軍畑駅入口,,35.806084,139.207903,5630_10,,0,5630,,,10
5650_1,,沢井駅入口,,35.804658,139.192950,5650_1,,0,5650,,,1
5650_10,,沢井駅入口,,35.804810,139.192703,5650_10,,0,5650,,,10
5680_0,,御岳駅,,35.801239,139.183747,5680_0,,0,5680,,,0
5680_1,,御岳駅,,35.801239,139.183747,5680_1,,0,5680,,,1
5680_10,,御岳駅,,35.801384,139.183540,5680_10,,0,5680,,,10
5690_10,,払沢,,35.799718,139.182099,5690_10,,0,5690,,,10
570_1,,住宅中央,,35.667553,139.309685,570_1,,0,570,,,1
570_10,,住宅中央,,35.667540,139.309879,570_10,,0,570,,,10
5700_10,,檜沢,,35.798873,139.178521,5700_10,,0,5700,,,10
5710_10,,中野,,35.802100,139.174558,5710_10,,0,5710,,,10
5720_10,,琴沢橋,,35.798267,139.168983,5720_10,,0,5720,,,10
5730_0,,ｹｰﾌﾞﾙ下,,35.796646,139.162607,5730_0,,0,5730,,,0
5730_10,,ｹｰﾌﾞﾙ下,,35.796646,139.162607,5730_10,,0,5730,,,10
5740_1,,川井駅,,35.812765,139.162514,5740_1,,0,5740,,,1
5740_10,,川井駅,,35.813372,139.162940,5740_10,,0,5740,,,10
5760_1,,竹の花,,35.815266,139.162224,5760_1,,0,5760,,,1
5780_1,,蝉沢,,35.821121,139.161551,5780_1,,0,5780,,,1
5790_1,,塔の沢,,35.821324,139.161644,5790_1,,0,5790,,,1
580_1,,住宅北,,35.668857,139.306112,580_1,,0,580,,,1
580_10,,住宅北,,35.669046,139.306978,580_10,,0,580,,,10
5800_1,,南平,,35.827194,139.164353,5800_1,,0,5800,,,1
5810_1,,北川橋,,35.828900,139.165335,5810_1,,0,5810,,,1
5810_10,,北川橋,,35.828980,139.165443,5810_10,,0,5810,,,10
5830_1,,八桑,,35.830241,139.165189,5830_1,,0,5830,,,1
5840_1,,日向,,35.831926,139.163790,5840_1,,0,5840,,,1
5850_1,,北上橋,,35.832953,139.162752,5850_1,,0,5850,,,1
5860_1,,上日向,,35.836403,139.161815,5860_1,,0,5860,,,1
5870_1,,小中茶屋,,35.840323,139.158323,5870_1,,0,5870,,,1
5880_1,,小山,,35.841530,139.156651,5880_1,,0,5880,,,1
5890_0,,清東橋,,35.843714,139.153865,5890_0,,0,5890,,,0
5890_10,,清東橋,,35.843714,139.153865,5890_10,,0,5890,,,10
590_0,,横川町住宅,,35.668192,139.304019,590_0,,0,590,,,0
590_1,,横川町住宅,,35.667239,139.304304,590_1,,0,590,,,1
590_10,,横川町住宅,,35.668192,139.304019,590_10,,0,590,,,10
5900_1,,八雲,,35.810254,139.161797,5900_1,,0,5900,,,1
5900_10,,八雲,,35.810224,139.161955,5900_10,,0,5900,,,10
5910_1,,松葉,,35.809709,139.158867,5910_1,,0,5910,,,1
5910_10,,松葉,,35.809688,139.158736,5910_10,,0,5910,,,10
5920_1,,桜木,,35.815819,139.154072,5920_1,,0,5920,,,1
5920_10,,桜木,,35.815714,139.154106,5920_10,,0,5920,,,10
5930_1,,古里駅,,35.815814,139.151324,5930_1,,0,5930,,,1
5930_10,,古里駅,,35.815726,139.151214,5930_10,,0,5930,,,10
5940_1,,古里郵便局,,35.815815,139.149487,5940_1,,0,5940,,,1
5940_10,,古里郵便局,,35.815714,139.149593,5940_10,,0,5940,,,10
5950_1,,大神,,35.815248,139.144694,5950_1,,0,5950,,,1
5950_10,,大神,,35.815184,139.144631,5950_10,,0,5950,,,10
5960_1,,古里付,,35.815860,139.141818,5960_1,,0,5960,,,1
5960_10,,古里付,,35.815950,139.141777,5960_10,,0,5960,,,10
5970_1,,清見ヶ丘,,35.815718,139.138635,5970_1,,0,5970,,,1
5970_10,,清見ヶ丘,,35.815832,139.138801,5970_10,,0,5970,,,10
5990_1,,将門,,35.813539,139.133976,5990_1,,0,5990,,,1
5990_10,,将門,,35.813417,139.133892,5990_10,,0,5990,,,10
60_1,,北八王子駅入口,,35.668044,139.358851,60_1,,0,60,,,1
60_10,,北八王子駅入口,,35.668139,139.359070,60_10,,0,60,,,10
600_1,,大横町,,35.662681,139.329191,600_1,,0,600,,,1
600_10,,大横町,,35.662681,139.329191,600_10,,0,600,,,10
600_11,,大横町,,35.662242,139.329572,600_11,,0,600,,,11
6000_1,,鳩の巣,,35.815127,139.129495,6000_1,,0,6000,,,1
6000_10,,鳩の巣,,35.814845,139.129367,6000_10,,0,6000,,,10
6010_1,,白丸,,35.811693,139.115455,6010_1,,0,6010,,,1
6010_10,,白丸,,35.811670,139.115570,6010_10,,0,6010,,,10
6021_1,,初縄田,,35.804974,139.110220,6021_1,,0,6021,,,1
6021_10,,初縄田,,35.804587,139.110057,6021_10,,0,6021,,,10
6022_1,,神庭,,35.802069,139.108538,6022_1,,0,6022,,,1
6022_10,,神庭,,35.801965,139.108524,6022_10,,0,6022,,,10
6023_1,,奥多摩中学校,,35.804742,139.100922,6023_1,,0,6023,,,1
6023_10,,奥多摩中学校,,35.804198,139.101346,6023_10,,0,6023,,,10
6030_0,,奥多摩駅,,35.809085,139.096407,6030_0,,0,6030,,,0
6030_1,,奥多摩駅,,35.809176,139.096598,6030_1,,0,6030,,,1
6030_2,,奥多摩駅,,35.809085,139.096407,6030_2,,0,6030,,,2
6030_3,,奥多摩駅,,35.808862,139.096704,6030_3,,0,6030,,,3
6040_1,,南一丁目,,35.807768,139.095632,6040_1,,0,6040,,,1
6040_10,,南一丁目,,35.807903,139.095694,6040_10,,0,6040,,,10
6050_1,,下栃久保,,35.809652,139.094776,6050_1,,0,6050,,,1
6060_1,,栃久保,,35.812273,139.094627,6060_1,,0,6060,,,1
6070_1,,寺地,,35.817627,139.086317,6070_1,,0,6070,,,1
6080_1,,不老,,35.821354,139.082329,6080_1,,0,6080,,,1
6090_1,,大沢,,35.823940,139.077506,6090_1,,0,6090,,,1
610_1,,サイエンスドーム,,35.664495,139.329633,610_1,,0,610,,,1
610_10,,サイエンスドーム,,35.664298,139.329785,610_10,,0,610,,,10
6100_1,,白妙橋,,35.829595,139.075711,6100_1,,0,6100,,,1
6110_1,,川乗橋,,35.831766,139.076314,6110_1,,0,6110,,,1
6120_1,,神庭沢,,35.838262,139.073292,6120_1,,0,6120,,,1
6130_1,,桜平,,35.838762,139.070065,6130_1,,0,6130,,,1
6140_1,,倉沢,,35.840448,139.065586,6140_1,,0,6140,,,1
6140_10,,倉沢,,35.840553,139.065732,6140_10,,0,6140,,,10
6150_1,,岩松尾根,,35.842027,139.062792,6150_1,,0,6150,,,1
6160_1,,一原,,35.842209,139.048266,6160_1,,0,6160,,,1
6170_0,,東日原,,35.841637,139.044493,6170_0,,0,6170,,,0
6170_1,,東日原,,35.841802,139.044536,6170_1,,0,6170,,,1
6180_1,,中日原,,35.841144,139.040833,6180_1,,0,6180,,,1
6190_0,,鍾乳洞,,35.848127,139.037528,6190_0,,0,6190,,,0
6190_10,,鍾乳洞,,35.848090,139.037606,6190_10,,0,6190,,,10
620_1,,浅川橋,,35.666721,139.330238,620_1,,0,620,,,1
620_10,,浅川橋,,35.666759,139.330446,620_10,,0,620,,,10
6200_1,,南二丁目,,35.806713,139.095600,6200_1,,0,6200,,,1
6200_10,,南二丁目,,35.806016,139.094759,6200_10,,0,6200,,,10
6210_1,,南三丁目,,35.806049,139.094961,6210_1,,0,6210,,,1
6210_10,,南三丁目,,35.805969,139.094708,6210_10,,0,6210,,,10
6220_1,,弁天峡,,35.803907,139.092443,6220_1,,0,6220,,,1
6220_10,,弁天峡,,35.803920,139.092305,6220_10,,0,6220,,,10
6230_1,,笹平橋,,35.801016,139.090497,6230_1,,0,6230,,,1
6230_10,,笹平橋,,35.801125,139.090442,6230_10,,0,6230,,,10
6240_1,,病院前,,35.800856,139.088377,6240_1,,0,6240,,,1
6240_10,,病院前,,35.800816,139.089001,6240_10,,0,6240,,,10
6250_1,,琴浦,,35.801737,139.086861,6250_1,,0,6250,,,1
6250_10,,琴浦,,35.801828,139.086835,6250_10,,0,6250,,,10
6260_1,,桧村,,35.799600,139.084695,6260_1,,0,6260,,,1
6260_10,,桧村,,35.800768,139.084500,6260_10,,0,6260,,,10
6270_1,,橋詰,,35.799026,139.083065,6270_1,,0,6270,,,1
6270_10,,橋詰,,35.799136,139.083118,6270_10,,0,6270,,,10
6280_1,,境橋,,35.797895,139.078214,6280_1,,0,6280,,,1
6280_10,,境橋,,35.797928,139.077981,6280_10,,0,6280,,,10
6290_1,,梅久保,,35.793745,139.073119,6290_1,,0,6290,,,1
6290_10,,梅久保,,35.793607,139.073005,6290_10,,0,6290,,,10
6291_1,,惣岳,,35.794384,139.069727,6291_1,,0,6291,,,1
6291_10,,惣岳,,35.794496,139.069723,6291_10,,0,6291,,,10
630_1,,川口川橋,,35.669434,139.330948,630_1,,0,630,,,1
630_10,,川口川橋,,35.669657,139.331221,630_10,,0,630,,,10
631_1,,大和田暁通り,,35.669930,139.332057,631_1,,0,631,,,1
631_10,,大和田暁通り,,35.669964,139.332470,631_10,,0,631,,,10
6310_1,,板小屋,,35.794218,139.063255,6310_1,,0,6310,,,1
6310_10,,板小屋,,35.794304,139.063233,6310_10,,0,6310,,,10
6320_1,,桃ヶ沢,,35.794095,139.059487,6320_1,,0,6320,,,1
6320_10,,桃ヶ沢,,35.793617,139.059004,6320_10,,0,6320,,,10
6330_1,,中山,,35.794334,139.056968,6330_1,,0,6330,,,1
6330_10,,中山,,35.794272,139.056963,6330_10,,0,6330,,,10
6340_1,,滝のり沢,,35.794054,139.051856,6340_1,,0,6340,,,1
6340_10,,滝のり沢,,35.794124,139.051844,6340_10,,0,6340,,,10
6350_1,,水根,,35.793807,139.047330,6350_1,,0,6350,,,1
6350_10,,水根,,35.794045,139.047077,6350_10,,0,6350,,,10
6360_0,,奥多摩湖,,35.792473,139.048579,6360_0,,0,6360,,,0
6360_1,,奥多摩湖,,35.792473,139.048579,6360_1,,0,6360,,,1
6360_10,,奥多摩湖,,35.792539,139.048311,6360_10,,0,6360,,,10
6370_1,,大麦代,,35.789557,139.042579,6370_1,,0,6370,,,1
6370_10,,大麦代,,35.789495,139.042457,6370_10,,0,6370,,,10
6380_1,,日村沢,,35.786437,139.042563,6380_1,,0,6380,,,1
6380_10,,日村沢,,35.786714,139.042498,6380_10,,0,6380,,,10
6390_1,,倉戸口,,35.784099,139.044672,6390_1,,0,6390,,,1
6390_10,,倉戸口,,35.784343,139.044424,6390_10,,0,6390,,,10
640_1,,稲荷坂下,,35.670999,139.331371,640_1,,0,640,,,1
640_10,,稲荷坂下,,35.670962,139.331596,640_10,,0,640,,,10
6400_1,,熱海,,35.784156,139.042159,6400_1,,0,6400,,,1
6400_10,,熱海,,35.784303,139.040972,6400_10,,0,6400,,,10
6410_1,,出野,,35.783154,139.036173,6410_1,,0,6410,,,1
6410_10,,出野,,35.783082,139.036125,6410_10,,0,6410,,,10
6420_1,,湯場,,35.784791,139.033344,6420_1,,0,6420,,,1
6430_1,,女の湯,,35.782616,139.028373,6430_1,,0,6430,,,1
6440_1,,あずまい,,35.781140,139.024761,6440_1,,0,6440,,,1
6450_1,,坂本園地,,35.781458,139.021326,6450_1,,0,6450,,,1
6450_10,,坂本園地,,35.781616,139.021235,6450_10,,0,6450,,,10
6460_1,,峰谷橋,,35.779930,139.016172,6460_1,,0,6460,,,1
6460_10,,峰谷橋,,35.779743,139.016002,6460_10,,0,6460,,,10
6461_11,,峰谷入口,,35.780342,139.016071,6461_11,,0,6461,,,1
6470_1,,小河内神社・麦山浮橋,,35.777602,139.015239,6470_1,,0,6470,,,1
6470_10,,小河内神社・麦山浮橋,,35.777705,139.014855,6470_10,,0,6470,,,10
6480_1,,麦山,,35.778586,139.012014,6480_1,,0,6480,,,1
6490_1,,麦山橋,,35.779218,139.008893,6490_1,,0,6490,,,1
650_1,,馬場谷戸,,35.678233,139.333331,650_1,,0,650,,,1
650_10,,馬場谷戸,,35.677174,139.332588,650_10,,0,650,,,10
650_17,,馬場谷戸,,35.679152,139.334172,650_17,,0,650,,,11
650_2,,馬場谷戸,,35.678024,139.333671,650_2,,0,650,,,2
650_8,,馬場谷戸,,35.678233,139.333331,650_8,,0,650,,,1
6500_1,,大津久,,35.778389,139.004256,6500_1,,0,6500,,,1
6500_10,,大津久,,35.778559,139.004341,6500_10,,0,6500,,,10
6510_1,,中奥多摩湖,,35.776982,139.002772,6510_1,,0,6510,,,1
6510_10,,中奥多摩湖,,35.777146,139.002643,6510_10,,0,6510,,,10
6520_10,,深山橋,,35.775359,139.000736,6520_10,,0,6520,,,10
6520_2,,深山橋,,35.775453,139.000736,6520_2,,0,6520,,,2
6530_1,,坂本,,35.783352,139.015663,6530_1,,0,6530,,,1
6540_1,,学校前,,35.786134,139.014863,6540_1,,0,6540,,,1
6550_1,,雲風呂,,35.787937,139.014029,6550_1,,0,6550,,,1
6560_1,,雨降り,,35.792372,139.011542,6560_1,,0,6560,,,1
6570_1,,下り,,35.793355,139.006448,6570_1,,0,6570,,,1
6580_1,,峰谷渓流釣場,,35.794220,139.004634,6580_1,,0,6580,,,1
6590_0,,峰谷,,35.794745,139.001926,6590_0,,0,6590,,,0
6590_10,,峰谷,,35.794745,139.001926,6590_10,,0,6590,,,10
660_1,,村内ﾌｧﾆﾁｬｰｱｸｾｽ,,35.678852,139.337118,660_1,,0,660,,,1
660_10,,村内ﾌｧﾆﾁｬｰｱｸｾｽ,,35.678623,139.337060,660_10,,0,660,,,10
6600_1,,陣屋,,35.774120,138.998470,6600_1,,0,6600,,,1
6600_10,,陣屋,,35.774120,138.998470,6600_10,,0,6600,,,10
6610_1,,庄の指,,35.762806,138.993172,6610_1,,0,6610,,,1
6620_1,,金風呂,,35.761931,138.986207,6620_1,,0,6620,,,1
6620_10,,金風呂,,35.762325,138.985000,6620_10,,0,6620,,,10
6630_1,,玉川,,35.761044,138.980318,6630_1,,0,6630,,,1
6631_1,,東部森林公園,,35.760391,138.975970,6631_1,,0,6631,,,1
6640_1,,余沢,,35.760245,138.971882,6640_1,,0,6640,,,1
6640_10,,余沢,,35.760403,138.971833,6640_10,,0,6640,,,10
6650_1,,棚沢橋,,35.759113,138.959423,6650_1,,0,6650,,,1
6660_1,,平山,,35.757442,138.953727,6660_1,,0,6660,,,1
6660_10,,平山,,35.757457,138.953594,6660_10,,0,6660,,,10
6670_1,,田元橋,,35.758742,138.947548,6670_1,,0,6670,,,1
6670_11,,田元橋,,35.758785,138.947781,6670_11,,0,6670,,,11
6680_1,,小菅村村営ﾌｧﾐﾘｰ釣場,,35.759440,138.945755,6680_1,,0,6680,,,1
6680_10,,小菅村村営ﾌｧﾐﾘｰ釣場,,35.759484,138.945821,6680_10,,0,6680,,,10
6690_1,,池の尻,,35.759662,138.942569,6690_1,,0,6690,,,1
670_1,,尾崎,,35.681426,139.343755,670_1,,0,670,,,1
670_10,,尾崎,,35.680919,139.343766,670_10,,0,670,,,10
6700_1,,小菅役場前,,35.759679,138.940832,6700_1,,0,6700,,,1
6700_10,,小菅役場前,,35.759900,138.940594,6700_10,,0,6700,,,10
6723_1,,田元,,35.757437,138.946235,6723_1,,0,6723,,,1
6725_0,,小菅の湯,,35.754275,138.949830,6725_0,,0,6725,,,0
6725_10,,小菅の湯,,35.754275,138.949830,6725_10,,0,6725,,,10
6730_1,,小留浦,,35.777071,138.995528,6730_1,,0,6730,,,1
6730_10,,小留浦,,35.777155,138.995333,6730_10,,0,6730,,,10
6740_1,,坪沢橋,,35.775691,138.991862,6740_1,,0,6740,,,1
6750_0,,留浦,,35.778030,138.990309,6750_0,,0,6750,,,0
6750_1,,留浦,,35.778030,138.990008,6750_1,,0,6750,,,1
6750_10,,留浦,,35.777972,138.990309,6750_10,,0,6750,,,10
6760_1,,小袖川,,35.780854,138.985686,6760_1,,0,6760,,,1
6760_10,,小袖川,,35.780971,138.985687,6760_10,,0,6760,,,10
6770_1,,鴨沢,,35.779772,138.984421,6770_1,,0,6770,,,1
6770_10,,鴨沢,,35.779800,138.984334,6770_10,,0,6770,,,10
6780_1,,諸畑橋,,35.779768,138.979553,6780_1,,0,6780,,,1
6780_10,,諸畑橋,,35.779950,138.979527,6780_10,,0,6780,,,10
6790_0,,鴨沢西,,35.782605,138.977203,6790_0,,0,6790,,,0
6790_1,,鴨沢西,,35.782605,138.977203,6790_1,,0,6790,,,1
6790_10,,鴨沢西,,35.782457,138.977391,6790_10,,0,6790,,,10
680_1,,左入,,35.685070,139.346381,680_1,,0,680,,,1
680_10,,左入,,35.685041,139.346770,680_10,,0,680,,,10
680_11,,左入,,35.684464,139.345320,680_11,,0,680,,,11
6800_1,,所畑,,35.784430,138.974526,6800_1,,0,6800,,,1
6810_1,,お祭,,35.785670,138.967628,6810_1,,0,6810,,,1
6810_10,,お祭,,35.785811,138.967615,6810_10,,0,6810,,,10
6820_1,,親川,,35.788121,138.961701,6820_1,,0,6820,,,1
6830_1,,保之瀬,,35.787924,138.944972,6830_1,,0,6830,,,1
6840_1,,上保之瀬,,35.788566,138.944232,6840_1,,0,6840,,,1
6850_1,,小室,,35.788894,138.932209,6850_1,,0,6850,,,1
6850_10,,小室,,35.789109,138.932413,6850_10,,0,6850,,,10
6870_1,,押垣外,,35.787886,138.928101,6870_1,,0,6870,,,1
6870_10,,押垣外,,35.787969,138.928129,6870_10,,0,6870,,,10
6871_1,,丹波山温泉,,35.790067,138.923885,6871_1,,0,6871,,,1
6871_11,,丹波山温泉,,35.790151,138.923860,6871_11,,0,6871,,,11
6880_1,,丹波小学校,,35.790780,138.921541,6880_1,,0,6880,,,1
6880_10,,丹波小学校,,35.790856,138.921637,6880_10,,0,6880,,,10
6890_1,,中宿,,35.791112,138.919467,6890_1,,0,6890,,,1
690_17,,竜光寺,,35.683215,139.349694,690_17,,0,690,,,17
690_8,,竜光寺,,35.682492,139.350430,690_8,,0,690,,,8
6900_0,,丹波山村役場,,35.791474,138.917910,6900_0,,0,6900,,,0
6900_10,,丹波山村役場,,35.791536,138.917959,6900_10,,0,6900,,,10
6929_1,,とうげん橋,,35.734214,139.144880,6929_1,,0,6929,,,1
6929_10,,とうげん橋,,35.734394,139.145101,6929_10,,0,6929,,,10
6930_1,,やすらぎの里,,35.735324,139.143793,6930_1,,0,6930,,,1
6930_10,,やすらぎの里,,35.735324,139.143793,6930_10,,0,6930,,,10
6941_0,,都民の森,,35.737430,139.031024,6941_0,,0,6941,,,0
6941_10,,都民の森,,35.737430,139.031024,6941_10,,0,6941,,,10
6946_1,,秋川４丁目,,35.734145,139.288404,6946_1,,0,6946,,,1
6946_10,,秋川４丁目,,35.734017,139.288541,6946_10,,0,6946,,,10
6946_11,,秋川４丁目,,35.734145,139.288404,6946_11,,0,6946,,,1
6947_0,,戸吹スポーツ公園入口,,35.702042,139.293717,6947_0,,0,6947,,,0
6947_1,,戸吹スポーツ公園入口,,35.702220,139.293709,6947_1,,0,6947,,,1
6947_10,,戸吹スポーツ公園入口,,35.702220,139.293709,6947_10,,0,6947,,,10
6948_10,,森沢橋,,35.714756,139.074605,6948_10,,0,6948,,,10
6949_1,,総合医療センター入口,,35.783952,139.282040,6949_1,,0,6949,,,1
6949_10,,総合医療センター入口,,35.784240,139.281770,6949_10,,0,6949,,,10
6963_1,,宮ヶ谷戸,,35.738530,139.121758,6963_1,,0,6963,,,1
6965_1,,二分方小学校,,35.672618,139.289572,6965_1,,0,6965,,,1
6965_10,,二分方小学校,,35.672559,139.289990,6965_10,,0,6965,,,10
6966_1,,のぼり川,,35.673499,139.286964,6966_1,,0,6966,,,1
6966_10,,のぼり川,,35.673506,139.286565,6966_10,,0,6966,,,10
6967_1,,桑の葉,,35.672958,139.284915,6967_1,,0,6967,,,1
6967_10,,桑の葉,,35.673026,139.283461,6967_10,,0,6967,,,10
6968_1,,城山中入口,,35.672837,139.281932,6968_1,,0,6968,,,1
6968_10,,城山中入口,,35.672839,139.281310,6968_10,,0,6968,,,10
6969_1,,川町東,,35.672244,139.279218,6969_1,,0,6969,,,1
6969_10,,川町東,,35.672100,139.278789,6969_10,,0,6969,,,10
6970_1,,川町落合橋,,35.671005,139.277092,6970_1,,0,6970,,,1
6970_10,,川町落合橋,,35.671145,139.277277,6970_10,,0,6970,,,10
6982_0,,東海大学八王子病院,,35.673211,139.356941,6982_0,,0,6982,,,0
6982_1,,東海大学八王子病院,,35.673211,139.356941,6982_1,,0,6982,,,1
6982_10,,東海大学八王子病院,,35.673044,139.356774,6982_10,,0,6982,,,10
6982_17,,東海大学八王子病院,,35.673044,139.356774,6982_17,,0,6982,,,10
6983_1,,大谷石川団地,,35.671538,139.359232,6983_1,,0,6983,,,1
6983_10,,大谷石川団地,,35.671942,139.359305,6983_10,,0,6983,,,10
6986_1,,石川南,,35.672572,139.361125,6986_1,,0,6986,,,1
6986_10,,石川南,,35.672753,139.361234,6986_10,,0,6986,,,10
6986_17,,石川南,,35.672572,139.361125,6986_17,,0,6986,,,1
6986_8,,石川南,,35.672753,139.361234,6986_8,,0,6986,,,10
6988_1,,工学院大学犬目校舎,,35.683495,139.319293,6988_1,,0,6988,,,1
6988_10,,工学院大学犬目校舎,,35.683678,139.319085,6988_10,,0,6988,,,10
70_1,,第八小学校,,35.670635,139.360603,70_1,,0,70,,,1
70_10,,第八小学校,,35.670240,139.360470,70_10,,0,70,,,10
730_1,,暁橋,,35.667710,139.337721,730_1,,0,730,,,1
730_10,,暁橋,,35.667594,139.338778,730_10,,0,730,,,10
740_1,,暁町１丁目,,35.669194,139.334424,740_1,,0,740,,,1
740_10,,暁町１丁目,,35.669108,139.334807,740_10,,0,740,,,10
750_1,,平岡町,,35.665161,139.323230,750_1,,0,750,,,1
750_10,,平岡町,,35.664731,139.323409,750_10,,0,750,,,10
760_1,,中野上町郵便局（高尾ポテト前）,,35.668242,139.322115,760_1,,0,760,,,1
760_10,,中野上町郵便局（高尾ポテト前）,,35.668859,139.321390,760_10,,0,760,,,10
770_1,,中野,,35.669568,139.320140,770_1,,0,770,,,1
770_10,,中野,,35.669815,139.317717,770_10,,0,770,,,10
780_1,,西中野２丁目,,35.670897,139.317717,780_1,,0,780,,,1
780_10,,西中野２丁目,,35.671010,139.317738,780_10,,0,780,,,10
790_1,,西中野３丁目,,35.673408,139.314384,790_1,,0,790,,,1
790_10,,西中野３丁目,,35.672393,139.315641,790_10,,0,790,,,10
80_1,,朝倉野,,35.673302,139.362568,80_1,,0,80,,,1
80_10,,朝倉野,,35.673270,139.362705,80_10,,0,80,,,10
80_17,,朝倉野,,35.673302,139.362568,80_17,,0,80,,,1
80_8,,朝倉野,,35.673270,139.362705,80_8,,0,80,,,10
800_1,,鶴巻橋,,35.669908,139.316419,800_1,,0,800,,,1
800_10,,鶴巻橋,,35.669846,139.316625,800_10,,0,800,,,10
800_17,,鶴巻橋,,35.669846,139.316625,800_17,,0,800,,,10
800_8,,鶴巻橋,,35.669908,139.316419,800_8,,0,800,,,1
8002_9,,秋留台消防出張所,,35.731720,139.292663,8002_9,,0,8002,,,9
8003_9,,瀬戸岡中賀多,,35.737097,139.291361,8003_9,,0,8003,,,9
8004_1,,瀬戸岡上賀多,,35.740532,139.290333,8004_1,,0,8004,,,1
8004_10,,瀬戸岡上賀多,,35.740284,139.290426,8004_10,,0,8004,,,10
8004_9,,瀬戸岡上賀多,,35.740532,139.290333,8004_9,,0,8004,,,9
8005_9,,松山会館入口,,35.743246,139.296034,8005_9,,0,8005,,,9
8006_9,,多西児童館前,,35.742692,139.299362,8006_9,,0,8006,,,9
8007_9,,松山橋,,35.741870,139.304058,8007_9,,0,8007,,,9
8008_8,,西ヶ谷戸西通り,,35.741870,139.306076,8008_8,,0,8008,,,8
8008_9,,西ヶ谷戸西通り,,35.741870,139.306076,8008_9,,0,8008,,,9
8009_9,,橋場,,35.743681,139.306505,8009_9,,0,8009,,,9
8010_9,,草花台パークハイツ,,35.746572,139.306786,8010_9,,0,8010,,,9
8011_9,,山の神,,35.745084,139.305844,8011_9,,0,8011,,,9
8012_9,,花蔵院入口,,35.740359,139.314587,8012_9,,0,8012,,,9
8013_9,,慈勝寺入口,,35.740034,139.310955,8013_9,,0,8013,,,9
8014_9,,花ノ岡陸橋,,35.738535,139.314544,8014_9,,0,8014,,,9
8015_9,,花ノ岡南,,35.736834,139.315950,8015_9,,0,8015,,,9
8016_9,,森山北,,35.734891,139.316702,8016_9,,0,8016,,,9
8017_9,,森山会館,,35.733108,139.315141,8017_9,,0,8017,,,9
8018_9,,平高橋,,35.734900,139.312384,8018_9,,0,8018,,,9
8019_9,,中高瀬,,35.736068,139.309753,8019_9,,0,8019,,,9
8020_9,,平沢八幡本社前,,35.734302,139.305695,8020_9,,0,8020,,,9
8021_9,,秋川ふれあいセンター,,35.733010,139.301518,8021_9,,0,8021,,,9
8022_9,,中央公民館・秋川体育館,,35.729951,139.302571,8022_9,,0,8022,,,9
8024_9,,あきる野市役所,,35.728873,139.294845,8024_9,,0,8024,,,9
8025_9,,萩野センター,,35.725365,139.293486,8025_9,,0,8025,,,9
8026_10,,西雨間,,35.723139,139.294577,8026_10,,0,8026,,,10
8026_9,,西雨間,,35.723050,139.294850,8026_9,,0,8026,,,9
8027_10,,油平東,,35.723631,139.288636,8027_10,,0,8027,,,10
8029_9,,秋川台入口,,35.715323,139.295973,8029_9,,0,8029,,,9
8030_9,,いきいきｾﾝﾀｰ,,35.716384,139.291574,8030_9,,0,8030,,,9
8033_9,,野辺郵便局,,35.723874,139.309557,8033_9,,0,8033,,,9
8034_9,,二宮神社,,35.726605,139.313996,8034_9,,0,8034,,,9
8050_9,,小川東１丁目,,35.717821,139.324566,8050_9,,0,8050,,,9
8060_8,,横沢,,35.730686,139.240223,8060_8,,0,8060,,,8
8060_9,,横沢,,35.730614,139.239680,8060_9,,0,8060,,,9
8061_8,,高尾,,35.726478,139.238105,8061_8,,0,8061,,,8
8061_9,,高尾,,35.725506,139.238049,8061_9,,0,8061,,,9
8062_8,,留原上,,35.722631,139.232966,8062_8,,0,8062,,,8
8062_9,,留原上,,35.722575,139.232843,8062_9,,0,8062,,,9
8063_8,,小和田グラウンド前,,35.722350,139.225117,8063_8,,0,8063,,,8
8063_9,,小和田グラウンド前,,35.722269,139.225091,8063_9,,0,8063,,,9
8064_8,,小和田,,35.724010,139.221535,8064_8,,0,8064,,,8
8064_9,,小和田,,35.724286,139.220791,8064_9,,0,8064,,,9
8065_9,,五日市出張所,,35.729957,139.220375,8065_9,,0,8065,,,9
8069_8,,三内,,35.730243,139.236977,8069_8,,0,8069,,,8
8069_9,,三内,,35.730202,139.237109,8069_9,,0,8069,,,9
8073_9,,小宮久保上,,35.744589,139.292857,8073_9,,0,8073,,,9
8074_1,,内出東,,35.720440,139.338580,8074_1,,0,8074,,,1
8074_10,,内出東,,35.720758,139.338954,8074_10,,0,8074,,,10
810_1,,八王子市役所,,35.666685,139.315188,810_1,,0,810,,,1
810_10,,八王子市役所,,35.666086,139.315148,810_10,,0,810,,,10
810_17,,八王子市役所,,35.666086,139.315148,810_17,,0,810,,,10
810_8,,八王子市役所,,35.666685,139.315188,810_8,,0,810,,,1
8101_1,,元横山２丁目,,35.661991,139.335406,8101_1,,0,8101,,,1
8101_10,,元横山２丁目,,35.661899,139.336636,8101_10,,0,8101,,,10
811_1,,多賀公園入口,,35.665296,139.313249,811_1,,0,811,,,1
811_10,,多賀公園入口,,35.665382,139.313460,811_10,,0,811,,,10
811_17,,多賀公園入口,,35.665382,139.313460,811_17,,0,811,,,10
811_8,,多賀公園入口,,35.665296,139.313249,811_8,,0,811,,,1
815_1,,中野さつき公園,,35.671712,139.319184,815_1,,0,815,,,1
815_10,,中野さつき公園,,35.671577,139.318527,815_10,,0,815,,,10
820_1,,中野山王,,35.673006,139.329520,820_1,,0,820,,,1
820_10,,中野山王,,35.672990,139.329735,820_10,,0,820,,,10
8200_0,,北の根東,,35.692093,139.291014,8200_0,,0,8200,,,0
8200_17,,北の根東,,35.692093,139.291014,8200_17,,0,8200,,,17
8201_17,,安養寺,,35.691586,139.293328,8201_17,,0,8201,,,17
8201_8,,安養寺,,35.691622,139.293403,8201_8,,0,8201,,,8
8202_17,,西部会館,,35.691726,139.297245,8202_17,,0,8202,,,17
8202_8,,西部会館,,35.691779,139.297250,8202_8,,0,8202,,,8
8203_17,,高尾橋北,,35.691508,139.299984,8203_17,,0,8203,,,17
8203_8,,高尾橋北,,35.691579,139.299734,8203_8,,0,8203,,,8
8204_17,,変電所,,35.690428,139.303209,8204_17,,0,8204,,,17
8204_8,,変電所,,35.690528,139.303207,8204_8,,0,8204,,,8
8205_1,,四谷北,,35.679623,139.297118,8205_1,,0,8205,,,1
8205_10,,四谷北,,35.679572,139.297266,8205_10,,0,8205,,,10
8205_17,,四谷北,,35.679572,139.297266,8205_17,,0,8205,,,1
8205_8,,四谷北,,35.679572,139.297266,8205_8,,0,8205,,,10
8206_17,,松枝保育園前,,35.682647,139.292616,8206_17,,0,8206,,,17
8206_8,,松枝保育園前,,35.682647,139.292370,8206_8,,0,8206,,,8
8207_17,,松枝住宅管理事務所前,,35.683097,139.290816,8207_17,,0,8207,,,17
8207_8,,松枝住宅管理事務所前,,35.683039,139.290758,8207_8,,0,8207,,,8
8208_17,,元八王子市民ｾﾝﾀｰ,,35.683015,139.286228,8208_17,,0,8208,,,17
8208_8,,元八王子市民ｾﾝﾀｰ,,35.682921,139.286302,8208_8,,0,8208,,,8
8209_17,,大柳,,35.680795,139.286877,8209_17,,0,8209,,,17
8209_8,,大柳,,35.680983,139.286879,8209_8,,0,8209,,,8
8210_17,,上壱分方入口,,35.678486,139.286037,8210_17,,0,8210,,,17
8210_8,,上壱分方入口,,35.678523,139.286115,8210_8,,0,8210,,,8
8211_1,,滝原新橋,,35.667717,139.293623,8211_1,,0,8211,,,1
8211_10,,滝原新橋,,35.667812,139.293679,8211_10,,0,8211,,,10
8211_17,,滝原新橋,,35.667812,139.293679,8211_17,,0,8211,,,10
8211_8,,滝原新橋,,35.667717,139.293623,8211_8,,0,8211,,,1
8212_1,,横川下原公園入口,,35.666577,139.295184,8212_1,,0,8212,,,1
8212_10,,横川下原公園入口,,35.666452,139.295462,8212_10,,0,8212,,,10
8212_17,,横川下原公園入口,,35.666452,139.295462,8212_17,,0,8212,,,10
8212_8,,横川下原公園入口,,35.666577,139.295184,8212_8,,0,8212,,,1
8213_17,,横川ちびっこ広場,,35.665119,139.299162,8213_17,,0,8213,,,17
8213_8,,横川ちびっこ広場,,35.665181,139.299195,8213_8,,0,8213,,,8
8214_17,,中横川,,35.664828,139.301905,8214_17,,0,8214,,,17
8214_8,,中横川,,35.664901,139.301832,8214_8,,0,8214,,,8
8215_17,,横川弁天池公園,,35.664114,139.308969,8215_17,,0,8215,,,17
8215_8,,横川弁天池公園,,35.663943,139.308820,8215_8,,0,8215,,,8
8216_1,,横川橋公園,,35.666083,139.309448,8216_1,,0,8216,,,1
8216_10,,横川橋公園,,35.665771,139.309817,8216_10,,0,8216,,,10
8216_17,,横川橋公園,,35.665771,139.309817,8216_17,,0,8216,,,10
8216_8,,横川橋公園,,35.665572,139.309993,8216_8,,0,8216,,,1
8217_17,,中野上町５丁目,,35.673871,139.315812,8217_17,,0,8217,,,17
8217_8,,中野上町５丁目,,35.674137,139.316022,8217_8,,0,8217,,,8
8218_17,,中野上町北,,35.676046,139.316908,8218_17,,0,8218,,,17
8218_8,,中野上町北,,35.676244,139.316964,8218_8,,0,8218,,,8
8219_17,,西中野団地,,35.679406,139.317248,8219_17,,0,8219,,,17
8219_8,,西中野団地,,35.679092,139.316974,8219_8,,0,8219,,,8
8220_17,,甲の原中央,,35.680104,139.321122,8220_17,,0,8220,,,17
8220_8,,甲の原中央,,35.680067,139.321037,8220_8,,0,8220,,,8
8221_17,,甲の原市民農園,,35.678811,139.323544,8221_17,,0,8221,,,17
8221_8,,甲の原市民農園,,35.678747,139.323537,8221_8,,0,8221,,,8
8222_17,,子安神社北,,35.677719,139.325149,8222_17,,0,8222,,,17
8222_8,,子安神社北,,35.677637,139.325421,8222_8,,0,8222,,,8
8223_8,,多摩病院前,,35.678658,139.326380,8223_8,,0,8223,,,8
8224_17,,馬場谷戸会館,,35.678191,139.329100,8224_17,,0,8224,,,17
8224_8,,馬場谷戸会館,,35.678405,139.328029,8224_8,,0,8224,,,8
8225_17,,馬場谷戸中央,,35.677749,139.330880,8225_17,,0,8225,,,17
8225_8,,馬場谷戸中央,,35.677642,139.331091,8225_8,,0,8225,,,8
8227_17,,左入橋,,35.684215,139.346991,8227_17,,0,8227,,,17
8227_8,,左入橋,,35.684464,139.345320,8227_8,,0,8227,,,8
8228_17,,宇津木郵便局,,35.681509,139.354507,8228_17,,0,8228,,,17
8228_8,,宇津木郵便局,,35.681452,139.354594,8228_8,,0,8228,,,8
8229_8,,コーポランド入口,,35.682996,139.354239,8229_8,,0,8229,,,8
8230_8,,青空公園西,,35.683986,139.353607,8230_8,,0,8230,,,8
8231_8,,コーポランド北,,35.685114,139.353109,8231_8,,0,8231,,,8
8232_8,,コーポランド東,,35.684561,139.354586,8232_8,,0,8232,,,8
8234_8,,東京天使病院,,35.684495,139.281071,8234_8,,0,8234,,,8
8235_8,,清川交通遊園,,35.672540,139.308475,8235_8,,0,8235,,,8
8236_8,,清川１号公園,,35.671285,139.311634,8236_8,,0,8236,,,8
8237_8,,北八王子駅,,35.669383,139.362858,8237_8,,0,8237,,,8
8238_17,,諏訪団地,,35.683368,139.289147,8238_17,,0,8238,,,17
8238_8,,諏訪団地,,35.683299,139.289218,8238_8,,0,8238,,,8
83_1,,石川中央道下,,35.675730,139.364578,83_1,,0,83,,,1
83_10,,石川中央道下,,35.675543,139.364647,83_10,,0,83,,,10
83_17,,石川中央道下,,35.675730,139.364578,83_17,,0,83,,,1
83_8,,石川中央道下,,35.675543,139.364647,83_8,,0,83,,,10
8300_0,,JR片倉駅,,35.640020,139.341538,8300_0,,0,8300,,,0
8300_8,,JR片倉駅,,35.640020,139.341538,8300_8,,0,8300,,,8
8301_17,,釜貫白山神社,,35.637399,139.341773,8301_17,,0,8301,,,17
8301_8,,釜貫白山神社,,35.637425,139.341716,8301_8,,0,8301,,,8
8302_17,,片倉かまぬき公園,,35.636177,139.342624,8302_17,,0,8302,,,17
8302_8,,片倉かまぬき公園,,35.636030,139.342714,8302_8,,0,8302,,,8
8303_17,,釜貫,,35.634796,139.344914,8303_17,,0,8303,,,17
8303_8,,釜貫,,35.634650,139.345081,8303_8,,0,8303,,,8
8304_17,,片倉まちの広場,,35.633805,139.346081,8304_17,,0,8304,,,17
8304_8,,片倉まちの広場,,35.633486,139.346104,8304_8,,0,8304,,,8
8305_17,,片倉台,,35.632076,139.347144,8305_17,,0,8305,,,17
8305_8,,片倉台,,35.632020,139.347377,8305_8,,0,8305,,,8
8306_17,,片倉台北,,35.633871,139.347363,8306_17,,0,8306,,,17
8306_8,,片倉台北,,35.634217,139.347337,8306_8,,0,8306,,,8
8307_17,,片倉台慈眼寺南,,35.636926,139.345924,8307_17,,0,8307,,,17
8307_8,,片倉台慈眼寺南,,35.636488,139.346260,8307_8,,0,8307,,,8
8308_17,,片倉台打越公園,,35.638337,139.346538,8308_17,,0,8308,,,17
8308_8,,片倉台打越公園,,35.638728,139.346712,8308_8,,0,8308,,,8
8309_17,,片倉台入口,,35.641031,139.346582,8309_17,,0,8309,,,17
8309_8,,片倉台入口,,35.641135,139.346262,8309_8,,0,8309,,,8
8310_8,,北野駅南口,,35.644876,139.352901,8310_8,,0,8310,,,8
8311_17,,天龍寺,,35.647458,139.349563,8311_17,,0,8311,,,17
8311_8,,天龍寺,,35.647477,139.349479,8311_8,,0,8311,,,8
8312_17,,北野天神,,35.648263,139.351504,8312_17,,0,8312,,,17
8312_8,,北野天神,,35.648483,139.351538,8312_8,,0,8312,,,8
8313_17,,岸田公園,,35.648337,139.354199,8313_17,,0,8313,,,17
8313_8,,岸田公園,,35.648533,139.354352,8313_8,,0,8313,,,8
8314_17,,北野駅前通り,,35.647037,139.354826,8314_17,,0,8314,,,17
8314_8,,北野駅前通り,,35.647015,139.354926,8314_8,,0,8314,,,8
8315_8,,北野駅北口,,35.644806,139.354286,8315_8,,0,8315,,,8
8316_17,,北野公園,,35.648093,139.358416,8316_17,,0,8316,,,17
8316_8,,北野公園,,35.648302,139.358221,8316_8,,0,8316,,,8
8317_17,,市場前,,35.651309,139.356907,8317_17,,0,8317,,,17
8317_8,,市場前,,35.651582,139.356256,8317_8,,0,8317,,,8
8318_0,,あったかホール,,35.656166,139.352234,8318_0,,0,8318,,,0
8318_8,,あったかホール,,35.656166,139.352234,8318_8,,0,8318,,,8
8319_17,,春日橋北,,35.647202,139.359458,8319_17,,0,8319,,,17
8319_8,,春日橋北,,35.647235,139.359579,8319_8,,0,8319,,,8
8320_8,,都営長沼１２号棟前,,35.645824,139.362946,8320_8,,0,8320,,,8
8321_8,,都営長沼１４号棟前,,35.645418,139.363903,8321_8,,0,8321,,,8
8322_8,,在宅サービスセンター,,35.646416,139.363986,8322_8,,0,8322,,,8
8323_8,,春日会館西,,35.645921,139.361133,8323_8,,0,8323,,,8
8324_17,,長沼山下公園,,35.642889,139.364368,8324_17,,0,8324,,,17
8324_8,,長沼山下公園,,35.642944,139.363869,8324_8,,0,8324,,,8
8325_17,,長沼駅,,35.642878,139.366373,8325_17,,0,8325,,,17
8325_8,,長沼駅,,35.642939,139.366573,8325_8,,0,8325,,,8
8326_17,,長沼公園北,,35.641740,139.368569,8326_17,,0,8326,,,17
8326_8,,長沼公園北,,35.641857,139.369185,8326_8,,0,8326,,,8
8327_17,,ほたる公園,,35.641920,139.371060,8327_17,,0,8327,,,17
8327_8,,ほたる公園,,35.642031,139.371641,8327_8,,0,8327,,,8
8328_8,,日生自治会館,,35.643107,139.376018,8328_8,,0,8328,,,8
8329_8,,ﾋﾙｻｲﾄﾞﾃﾗｽ前,,35.639603,139.375133,8329_8,,0,8329,,,8
8330_8,,NEC団地東,,35.640935,139.375962,8330_8,,0,8330,,,8
8331_8,,NEC団地北,,35.641588,139.374582,8331_8,,0,8331,,,8
8332_8,,日生団地,,35.641517,139.377535,8332_8,,0,8332,,,8
8333_8,,長沼両田公園,,35.642378,139.376537,8333_8,,0,8333,,,8
8334_17,,春日橋南,,35.643345,139.362038,8334_17,,0,8334,,,17
8334_8,,春日橋南,,35.643497,139.361979,8334_8,,0,8334,,,8
8335_8,,日本邸宅団地,,35.640108,139.373460,8335_8,,0,8335,,,8
8337_17,,すずかけ公園入口,,35.635375,139.346908,8337_17,,0,8337,,,17
8337_8,,すずかけ公園入口,,35.635399,139.346793,8337_8,,0,8337,,,8
8341_17,,陵南プール,,35.648267,139.292101,8341_17,,0,8341,,,17
8341_8,,陵南プール,,35.648117,139.292062,8341_8,,0,8341,,,8
8342_17,,陵南公園,,35.649680,139.290772,8342_17,,0,8342,,,17
8342_8,,陵南公園,,35.649544,139.290763,8342_8,,0,8342,,,8
8343_17,,御陵参道,,35.650087,139.288390,8343_17,,0,8343,,,17
8343_8,,御陵参道,,35.649980,139.289122,8343_8,,0,8343,,,8
8344_17,,城山手こぶし公園,,35.651996,139.286037,8344_17,,0,8344,,,17
8344_8,,城山手こぶし公園,,35.651838,139.286040,8344_8,,0,8344,,,8
8345_1,,城山手中央,,35.653334,139.285324,8345_1,,0,8345,,,1
8345_10,,城山手中央,,35.653406,139.286321,8345_10,,0,8345,,,10
8345_17,,城山手中央,,35.653328,139.286278,8345_17,,0,8345,,,17
8345_8,,城山手中央,,35.653406,139.286133,8345_8,,0,8345,,,10
8346_1,,城山手入口,,35.654767,139.287692,8346_1,,0,8346,,,1
8346_10,,城山手入口,,35.654692,139.287462,8346_10,,0,8346,,,10
8346_17,,城山手入口,,35.654767,139.287692,8346_17,,0,8346,,,1
8346_8,,城山手入口,,35.654692,139.287462,8346_8,,0,8346,,,10
8347_17,,船田運動広場,,35.656187,139.290260,8347_17,,0,8347,,,17
8347_8,,船田運動広場,,35.656240,139.289895,8347_8,,0,8347,,,8
8348_17,,共立女子学園南口,,35.656960,139.292317,8348_17,,0,8348,,,17
8348_8,,共立女子学園南口,,35.657054,139.292413,8348_8,,0,8348,,,8
8349_17,,都営長房北団地,,35.657521,139.294521,8349_17,,0,8349,,,17
8349_8,,都営長房北団地,,35.657507,139.294276,8349_8,,0,8349,,,8
8350_17,,さくら台団地入口,,35.658487,139.296029,8350_17,,0,8350,,,17
8350_8,,さくら台団地入口,,35.658487,139.296029,8350_8,,0,8350,,,8
8351_8,,さくら台団地中央,,35.660331,139.295466,8351_8,,0,8351,,,8
8352_17,,月夜峯新橋,,35.663721,139.287064,8352_17,,0,8352,,,17
8352_8,,月夜峯新橋,,35.663703,139.286989,8352_8,,0,8352,,,8
8353_17,,裏宿,,35.663337,139.283855,8353_17,,0,8353,,,17
8353_8,,裏宿,,35.663375,139.283734,8353_8,,0,8353,,,8
8354_17,,松子舞自治会館,,35.666280,139.282890,8354_17,,0,8354,,,17
8355_17,,松子舞団地北,,35.667970,139.283790,8355_17,,0,8355,,,17
8356_0,,松子舞団地東,,35.667160,139.284710,8356_0,,0,8356,,,0
8356_17,,松子舞団地東,,35.667160,139.284710,8356_17,,0,8356,,,17
8357_17,,初沢会館・大光寺,,35.641000,139.280450,8357_17,,0,8357,,,17
8357_8,,初沢会館・大光寺,,35.640670,139.281410,8357_8,,0,8357,,,8
8358_17,,高尾駅西,,35.642210,139.280240,8358_17,,0,8358,,,17
8358_8,,高尾駅西,,35.642740,139.280860,8358_8,,0,8358,,,8
840_1,,中野北小,,35.674230,139.325930,840_1,,0,840,,,1
840_10,,中野北小,,35.674270,139.326050,840_10,,0,840,,,10
8400_1,,いちょうホール前,,35.662040,139.332560,8400_1,,0,8400,,,1
8400_10,,いちょうホール前,,35.662110,139.332610,8400_10,,0,8400,,,10
850_1,,遺跡公園,,35.674680,139.323050,850_1,,0,850,,,1
850_10,,遺跡公園,,35.674770,139.323590,850_10,,0,850,,,10
8500_17,,五ノ神一丁目,,35.758060,139.318560,8500_17,,0,8500,,,17
8500_8,,五ノ神一丁目,,35.757870,139.318550,8500_8,,0,8500,,,8
8501_17,,神明台会館入口,,35.755960,139.320120,8501_17,,0,8501,,,17
8501_8,,神明台会館入口,,35.755980,139.319950,8501_8,,0,8501,,,8
8502_17,,神明台一丁目,,35.754740,139.321020,8502_17,,0,8502,,,17
8502_8,,神明台一丁目,,35.753650,139.321670,8502_8,,0,8502,,,8
8503_8,,福生病院,,35.747200,139.326270,8503_8,,0,8503,,,8
8504_8,,神明神社,,35.754350,139.319880,8504_8,,0,8504,,,8
8505_8,,川崎公園,,35.753210,139.318380,8505_8,,0,8505,,,8
8506_8,,川崎会館北,,35.752460,139.316420,8506_8,,0,8506,,,8
8507_8,,堂坂上,,35.751860,139.314460,8507_8,,0,8507,,,8
8508_17,,清流東,,35.752690,139.306470,8508_17,,0,8508,,,17
8509_8,,郷土博物館前,,35.755100,139.304060,8509_8,,0,8509,,,8
8510_8,,羽村橋,,35.754330,139.311490,8510_8,,0,8510,,,8
8511_8,,東会館,,35.756240,139.309880,8511_8,,0,8511,,,8
8512_8,,寺坂下,,35.756130,139.311420,8512_8,,0,8512,,,8
8513_8,,羽村駅西口,,35.758450,139.315560,8513_8,,0,8513,,,8
8514_8,,本町会館入口,,35.759596,139.313477,8514_8,,0,8514,,,8
8515_8,,介山公園入口,,35.760370,139.311140,8515_8,,0,8515,,,8
8516_8,,シルバー人材センター,,35.760330,139.309000,8516_8,,0,8516,,,8
8517_8,,奈賀会館,,35.758410,139.307910,8517_8,,0,8517,,,8
8518_1,,褝福寺入口,,35.759180,139.306600,8518_1,,0,8518,,,1
8519_17,,玉川神社,,35.761380,139.304060,8519_17,,0,8519,,,17
8519_8,,玉川神社,,35.761192,139.304250,8519_8,,0,8519,,,8
8520_17,,一峰院,,35.761417,139.300365,8520_17,,0,8520,,,17
8520_8,,一峰院,,35.761460,139.300450,8520_8,,0,8520,,,8
8521_8,,いこいの里,,35.760294,139.299690,8521_8,,0,8521,,,8
8522_8,,第一中学校,,35.761780,139.306540,8522_8,,0,8522,,,8
8523_8,,羽中二丁目,,35.763260,139.307550,8523_8,,0,8523,,,8
8524_8,,スポーツセンター,,35.767590,139.307380,8524_8,,0,8524,,,8
8527_1,,図書館入口,,35.763210,139.314600,8527_1,,0,8527,,,1
8527_10,,図書館入口,,35.763220,139.314720,8527_10,,0,8527,,,10
8527_8,,図書館入口,,35.763220,139.314590,8527_8,,0,8527,,,1
8528_1,,富士見小学校入口,,35.760910,139.316290,8528_1,,0,8528,,,1
8528_10,,富士見小学校入口,,35.761200,139.316230,8528_10,,0,8528,,,10
8528_8,,富士見小学校入口,,35.760910,139.316290,8528_8,,0,8528,,,1
8529_17,,保健センター,,35.769050,139.311790,8529_17,,0,8529,,,17
8529_8,,保健センター,,35.769240,139.311950,8529_8,,0,8529,,,8
8530_17,,緑ヶ丘西,,35.768170,139.313430,8530_17,,0,8530,,,17
8531_17,,富士見公園,,35.765910,139.315190,8531_17,,0,8531,,,17
8531_8,,富士見公園,,35.765815,139.314141,8531_8,,0,8531,,,8
8533_17,,富士見小学校,,35.762262,139.317762,8533_17,,0,8533,,,17
8533_8,,富士見小学校,,35.762230,139.317800,8533_8,,0,8533,,,8
8534_17,,水道事務所,,35.764540,139.319500,8534_17,,0,8534,,,17
8535_17,,富士見平一丁目,,35.763770,139.321680,8535_17,,0,8535,,,17
8536_17,,第二中学校南,,35.763530,139.322980,8536_17,,0,8536,,,17
8537_17,,羽村団地西,,35.766050,139.325110,8537_17,,0,8537,,,17
8538_17,,羽村団地北,,35.767540,139.325980,8538_17,,0,8538,,,17
8539_17,,スイミングセンター,,35.768970,139.329240,8539_17,,0,8539,,,17
8540_17,,動物公園前,,35.765060,139.329410,8540_17,,0,8540,,,17
8541_17,,羽村高校,,35.764820,139.331730,8541_17,,0,8541,,,17
8541_8,,羽村高校,,35.764192,139.331054,8541_8,,0,8541,,,8
8542_17,,フレッシュランド西多摩,,35.766001,139.334843,8542_17,,0,8542,,,17
8543_8,,双葉町公園,,35.756760,139.332710,8543_8,,0,8543,,,8
8544_17,,三矢会館,,35.760350,139.331210,8544_17,,0,8544,,,17
8544_8,,三矢会館,,35.760290,139.330740,8544_8,,0,8544,,,8
8545_17,,あさひ公園,,35.759269,139.328185,8545_17,,0,8545,,,17
8545_8,,あさひ公園,,35.759165,139.327649,8545_8,,0,8545,,,8
8547_17,,神明台二丁目,,35.759261,139.322556,8547_17,,0,8547,,,17
8547_8,,神明台二丁目,,35.759400,139.322610,8547_8,,0,8547,,,8
8549_17,,五ノ神二丁目,,35.761600,139.319800,8549_17,,0,8549,,,17
8549_8,,五ノ神二丁目,,35.761650,139.319630,8549_8,,0,8549,,,8
8550_17,,羽村駅入口,,35.759989,139.318390,8550_17,,0,8550,,,17
8550_8,,羽村駅入口,,35.760090,139.318230,8550_8,,0,8550,,,8
8551_17,,栄町１丁目,,35.776620,139.306320,8551_17,,0,8551,,,17
8552_8,,双葉町三丁目,,35.754196,139.333270,8552_8,,0,8552,,,8
8553_17,,武蔵野公園西,,35.774750,139.308530,8553_17,,0,8553,,,17
8554_17,,武蔵野公園前,,35.773250,139.309640,8554_17,,0,8554,,,17
8555_17,,栄小学校入口,,35.770940,139.311340,8555_17,,0,8555,,,17
8556_8,,天竺運動公園,,35.766580,139.307080,8556_8,,0,8556,,,8
8557_8,,間坂コミュニティー公園,,35.765270,139.305090,8557_8,,0,8557,,,8
8558_17,,間坂,,35.762820,139.302770,8558_17,,0,8558,,,17
8558_8,,間坂,,35.763700,139.303370,8558_8,,0,8558,,,8
8559_8,,さくら保育園入口,,35.764700,139.303720,8559_8,,0,8559,,,8
8560_8,,あげば,,35.767070,139.302130,8560_8,,0,8560,,,8
8561_8,,グリーントリム公園,,35.769510,139.302420,8561_8,,0,8561,,,8
8562_8,,西児童館入口,,35.771800,139.303100,8562_8,,0,8562,,,8
8563_1,,羽加美四丁目,,35.763170,139.301310,8563_1,,0,8563,,,1
8564_8,,西小学校,,35.765260,139.300360,8564_8,,0,8564,,,8
8565_1,,美原会館入口,,35.767550,139.299770,8565_1,,0,8565,,,1
8566_1,,羽西二丁目,,35.770800,139.297980,8566_1,,0,8566,,,1
8567_8,,小作本町会館,,35.772450,139.295109,8567_8,,0,8567,,,8
8568_17,,弓道場入口,,35.777067,139.296346,8568_17,,0,8568,,,17
8569_17,,小作台二丁目,,35.780641,139.298345,8569_17,,0,8569,,,17
8570_17,,羽村市福祉センター,,35.770199,139.312872,8570_17,,0,8570,,,17
8571_17,,清流西,,35.753759,139.304826,8571_17,,0,8571,,,17
8572_8,,川崎三丁目,,35.749130,139.316878,8572_8,,0,8572,,,8
8573_8,,玉川二丁目,,35.748475,139.315453,8573_8,,0,8573,,,8
8574_8,,堂坂下,,35.750272,139.314307,8574_8,,0,8574,,,8
8575_17,,羽村大橋西,,35.749707,139.308959,8575_17,,0,8575,,,17
8575_8,,羽村大橋西,,35.749624,139.308913,8575_8,,0,8575,,,8
8588_17,,図書館・ゆとろぎ,,35.764152,139.316492,8588_17,,0,8588,,,17
8588_8,,図書館・ゆとろぎ,,35.763979,139.316523,8588_8,,0,8588,,,8
8589_17,,富士見郵便局,,35.761461,139.320872,8589_17,,0,8589,,,17
8589_8,,富士見郵便局,,35.761304,139.321052,8589_8,,0,8589,,,8
8590_17,,水木公園上,,35.757847,139.325192,8590_17,,0,8590,,,17
8590_8,,水木公園上,,35.757709,139.324767,8590_8,,0,8590,,,8
860_0,,中野団地,,35.676440,139.320970,860_0,,0,860,,,0
860_10,,中野団地,,35.675960,139.321280,860_10,,0,860,,,10
8601_1,,医療センター西,,35.733980,139.270950,8601_1,,0,8601,,,1
8601_10,,医療センター西,,35.733703,139.271096,8601_10,,0,8601,,,10
8602_1,,桜木西,,35.736036,139.270649,8602_1,,0,8602,,,1
8602_10,,桜木西,,35.738157,139.270523,8602_10,,0,8602,,,10
8603_1,,城山大橋,,35.654259,139.277523,8603_1,,0,8603,,,1
8603_10,,城山大橋,,35.654594,139.277729,8603_10,,0,8603,,,10
8604_1,,諏訪中央,,35.675641,139.290046,8604_1,,0,8604,,,1
8604_10,,諏訪中央,,35.674732,139.291913,8604_10,,0,8604,,,10
8604_17,,諏訪中央,,35.674726,139.291910,8604_17,,0,8604,,,17
8604_8,,諏訪中央,,35.675536,139.290048,8604_8,,0,8604,,,8
8605_1,,日吉町１丁目会館,,35.661200,139.316257,8605_1,,0,8605,,,1
8605_10,,日吉町１丁目会館,,35.661332,139.316035,8605_10,,0,8605,,,10
8606_1,,栄町２丁目北,,35.770118,139.309479,8606_1,,0,8606,,,1
8606_10,,栄町２丁目北,,35.770173,139.309570,8606_10,,0,8606,,,10
8607_1,,栄小学校,,35.772327,139.311986,8607_1,,0,8607,,,1
8607_10,,栄小学校,,35.772201,139.312088,8607_10,,0,8607,,,10
8607_17,,栄小学校,,35.772199,139.312109,8607_17,,0,8607,,,17
8610_1,,新町端野,,35.777617,139.321186,8610_1,,0,8610,,,1
8610_10,,新町端野,,35.777449,139.321185,8610_10,,0,8610,,,10
8611_1,,青梅新町境,,35.780076,139.323448,8611_1,,0,8611,,,1
8611_10,,青梅新町境,,35.779999,139.323516,8611_10,,0,8611,,,10
8612_1,,新町９丁目,,35.782103,139.320957,8612_1,,0,8612,,,1
8612_10,,新町９丁目,,35.782336,139.320544,8612_10,,0,8612,,,10
8626_1,,西八王子駅入口,,35.658272,139.313365,8626_1,,0,8626,,,1
8626_10,,西八王子駅入口,,35.658315,139.312994,8626_10,,0,8626,,,10
8631_1,,カインズ八王子長房店前,,35.657102,139.298683,8631_1,,0,8631,,,1
8631_10,,カインズ八王子長房店前,,35.657483,139.298950,8631_10,,0,8631,,,10
8632_1,,長房センター,,35.654718,139.295276,8632_1,,0,8632,,,1
8632_10,,長房センター,,35.654978,139.295278,8632_10,,0,8632,,,10
8633_0,,長房団地,,35.653849,139.292297,8633_0,,0,8633,,,0
8633_10,,長房団地,,35.653731,139.291792,8633_10,,0,8633,,,10
8634_1,,長房団地ふれあい館,,35.652817,139.292354,8634_1,,0,8634,,,1
8634_10,,長房団地ふれあい館,,35.652886,139.292129,8634_10,,0,8634,,,10
8635_1,,城山手西,,35.654736,139.284071,8635_1,,0,8635,,,1
8635_10,,城山手西,,35.654577,139.284142,8635_10,,0,8635,,,10
8638_1,,出羽橋,,35.657294,139.283690,8638_1,,0,8638,,,1
8638_10,,出羽橋,,35.657923,139.282623,8638_10,,0,8638,,,10
8642_1,,四谷中入口,,35.674908,139.297075,8642_1,,0,8642,,,1
8642_10,,四谷中入口,,35.675967,139.297402,8642_10,,0,8642,,,10
870_0,,みつい台,,35.680764,139.327455,870_0,,0,870,,,0
870_1,,みつい台,,35.680811,139.327461,870_1,,0,870,,,1
870_10,,みつい台,,35.680811,139.327461,870_10,,0,870,,,10
8701_10,,福生消防署,,35.743154,139.324567,8701_10,,0,8701,,,10
8702_10,,福生警察署,,35.749260,139.319973,8702_10,,0,8702,,,10
8703_10,,宗禅寺,,35.751379,139.318275,8703_10,,0,8703,,,10
8704_10,,羽村駅西,,35.756243,139.314608,8704_10,,0,8704,,,10
8706_11,,福生市役所,,35.738548,139.327158,8706_11,,0,8706,,,11
8706_2,,福生市役所,,35.738899,139.327062,8706_2,,0,8706,,,2
8707_1,,志茂南,,35.736080,139.327571,8707_1,,0,8707,,,1
8707_10,,志茂南,,35.736193,139.327646,8707_10,,0,8707,,,10
8714_10,,青梅市役所,,35.787563,139.275520,8714_10,,0,8714,,,10
8718_17,,栄町１丁目西,,35.773851,139.306838,8718_17,,0,8718,,,17
8718_8,,栄町１丁目西,,35.774033,139.306601,8718_8,,0,8718,,,8
8720_9,,武蔵増戸駅,,35.730812,139.256408,8720_9,,0,8720,,,9
8721_9,,五日市ファインプラザ,,35.729095,139.255070,8721_9,,0,8721,,,9
879_10,,谷野町会館,,35.685378,139.328174,879_10,,0,879,,,10
880_1,,谷野町,,35.685296,139.329148,880_1,,0,880,,,1
880_10,,谷野町,,35.685283,139.329274,880_10,,0,880,,,10
881_1,,谷野町南,,35.683543,139.331077,881_1,,0,881,,,1
881_10,,谷野町南,,35.683371,139.331243,881_10,,0,881,,,10
8810_10,,戸吹北工業団地,,35.712240,139.292632,8810_10,,0,8810,,,10
8820_1,,日の出山登山口,,35.776727,139.193681,8820_1,,0,8820,,,1
8820_10,,日の出山登山口,,35.776762,139.193810,8820_10,,0,8820,,,10
8830_1,,さかな園,,35.764480,139.208961,8830_1,,0,8830,,,1
8830_10,,さかな園,,35.765904,139.207874,8830_10,,0,8830,,,10
8840_1,,瀬戸岡会館入口,,35.739314,139.292749,8840_1,,0,8840,,,1
8875_1,,中村,,35.727518,139.229310,8875_1,,0,8875,,,1
8875_10,,中村,,35.727292,139.229445,8875_10,,0,8875,,,10
8881_0,,さくらモール,,35.771184,139.315202,8881_0,,0,8881,,,
8881_17,,さくらモール,,35.771184,139.315202,8881_17,,0,8881,,,17
8882_17,,江戸街道公園,,35.769001,139.331785,8882_17,,0,8882,,,17
8883_1,,ジェイビス（JVIS）前,,35.670587,139.301742,8883_1,,0,8883,,,1
8883_10,,ジェイビス（JVIS）前,,35.669228,139.301561,8883_10,,0,8883,,,10
8884_1,,三崎町（ダイニング酒場EBISUYA前）,,35.657759,139.335588,8884_1,,0,8884,,,1
8885_1,,南町,,35.658226,139.333274,8885_1,,0,8885,,,1
8886_1,,妙薬寺,,35.663579,139.335092,8886_1,,0,8886,,,1
8887_1,,元横山町１丁目,,35.663478,139.337694,8887_1,,0,8887,,,1
8888_1,,沢淵,,35.662763,139.341531,8888_1,,0,8888,,,1
8889_1,,第五中学校前,,35.661625,139.345126,8889_1,,0,8889,,,1
8890_1,,寺町北,,35.657813,139.334121,8890_1,,0,8890,,,1
8891_1,,みずき通り,,35.660363,139.333602,8891_1,,0,8891,,,1
8892_1,,いちょうホール北（ミットレーベン穂高前）,,35.662897,139.333513,8892_1,,0,8892,,,1
890_0,,創価大学栄光門,,35.689934,139.323930,890_0,,0,890,,,0
890_1,,創価大学栄光門,,35.690005,139.324064,890_1,,0,890,,,1
8900_0,,長井折返場,,35.766391,139.224857,8900_0,,0,8900,,,0
8900_2,,長井折返場,,35.766391,139.224857,8900_2,,0,8900,,,2
8901_11,,長井公会堂前,,35.762548,139.228996,8901_11,,0,8901,,,11
8901_2,,長井公会堂前,,35.762744,139.228862,8901_2,,0,8901,,,2
8902_11,,日の出山荘入口,,35.761051,139.230359,8902_11,,0,8902,,,11
8902_2,,日の出山荘入口,,35.760817,139.231083,8902_2,,0,8902,,,2
8903_11,,大久野病院入口,,35.758255,139.233828,8903_11,,0,8903,,,11
8903_2,,大久野病院入口,,35.758726,139.233089,8903_2,,0,8903,,,2
8904_11,,水口,,35.753816,139.238048,8904_11,,0,8904,,,11
8904_2,,水口,,35.753958,139.237999,8904_2,,0,8904,,,2
8905_11,,坂本交差点入口,,35.751276,139.240382,8905_11,,0,8905,,,11
8905_2,,坂本交差点入口,,35.751468,139.240258,8905_2,,0,8905,,,2
8906_11,,北原,,35.749575,139.240207,8906_11,,0,8906,,,11
8906_2,,北原,,35.749017,139.240416,8906_2,,0,8906,,,2
8907_11,,萱窪会館前,,35.744466,139.237951,8907_11,,0,8907,,,11
8907_2,,萱窪会館前,,35.745262,139.238457,8907_2,,0,8907,,,2
8908_11,,坂本橋,,35.752298,139.241504,8908_11,,0,8908,,,11
8908_2,,坂本橋,,35.752407,139.241500,8908_2,,0,8908,,,2
8909_11,,玉の内,,35.753927,139.246471,8909_11,,0,8909,,,11
8909_2,,玉の内,,35.752938,139.248099,8909_2,,0,8909,,,2
8910_11,,玉の内会館下,,35.749872,139.250267,8910_11,,0,8910,,,11
8910_2,,玉の内会館下,,35.750942,139.249635,8910_2,,0,8910,,,2
8911_11,,川原田橋下,,35.747364,139.251151,8911_11,,0,8911,,,11
8911_2,,川原田橋下,,35.747141,139.251355,8911_2,,0,8911,,,2
8912_11,,西平井,,35.742025,139.255350,8912_11,,0,8912,,,11
8912_2,,西平井,,35.742125,139.255407,8912_2,,0,8912,,,2
8913_11,,本宿,,35.737942,139.257063,8913_11,,0,8913,,,11
8913_2,,本宿,,35.738074,139.257150,8913_2,,0,8913,,,2
8914_11,,日の出団地入口,,35.736638,139.255191,8914_11,,0,8914,,,11
8914_2,,日の出団地入口,,35.736206,139.256041,8914_2,,0,8914,,,2
8915_2,,3号公園下,,35.738941,139.249774,8915_2,,0,8915,,,2
8916_2,,4号公園下,,35.737521,139.247126,8916_2,,0,8916,,,2
8917_2,,中央公園,,35.737534,139.249722,8917_2,,0,8917,,,2
8918_11,,本宿小学校西,,35.736996,139.260558,8918_11,,0,8918,,,11
8918_2,,本宿小学校西,,35.737100,139.261815,8918_2,,0,8918,,,2
8919_11,,本宿小学校東,,35.736027,139.265191,8919_11,,0,8919,,,11
8919_2,,本宿小学校東,,35.736643,139.265195,8919_2,,0,8919,,,2
8920_11,,グリーンタウン入口,,35.732498,139.267186,8920_11,,0,8920,,,11
8920_2,,グリーンタウン入口,,35.732653,139.267424,8920_2,,0,8920,,,2
8921_1,,稲荷神社前,,35.781398,139.227174,8921_1,,0,8921,,,
8921_10,,稲荷神社前,,35.781707,139.227087,8921_10,,0,8921,,,
90_1,,田島橋,,35.678886,139.365885,90_1,,0,90,,,1
90_10,,田島橋,,35.679211,139.366221,90_10,,0,90,,,10
90_17,,田島橋,,35.678886,139.365885,90_17,,0,90,,,1
90_8,,田島橋,,35.679211,139.366221,90_8,,0,90,,,10
900_1,,左入会館前,,35.687610,139.343359,900_1,,0,900,,,1
900_10,,左入会館前,,35.687500,139.343765,900_10,,0,900,,,10
91_1,,小宮小学校,,35.683003,139.368422,91_1,,0,91,,,1
91_10,,小宮小学校,,35.682874,139.368564,91_10,,0,91,,,10
910_1,,滝山１丁目,,35.688584,139.341605,910_1,,0,910,,,1
910_10,,滝山１丁目,,35.689047,139.341049,910_10,,0,910,,,10
92_1,,小宮駅入口,,35.686477,139.370533,92_1,,0,92,,,1
92_10,,小宮駅入口,,35.685979,139.370648,92_10,,0,92,,,10
920_1,,滝山２丁目,,35.690027,139.338191,920_1,,0,920,,,1
920_10,,滝山２丁目,,35.689970,139.338553,920_10,,0,920,,,10
926_1,,星谷坂,,35.682365,139.337812,926_1,,0,926,,,1
926_10,,星谷坂,,35.682513,139.337914,926_10,,0,926,,,10
926_17,,星谷坂,,35.682365,139.337812,926_17,,0,926,,,1
926_8,,星谷坂,,35.682513,139.337914,926_8,,0,926,,,10
927_1,,天神前,,35.683072,139.338994,927_1,,0,927,,,1
927_10,,天神前,,35.683208,139.339375,927_10,,0,927,,,10
928_1,,道の駅八王子滝山入口,,35.686461,139.339851,928_1,,0,928,,,1
928_10,,道の駅八王子滝山入口,,35.685713,139.340637,928_10,,0,928,,,10
928_11,,道の駅八王子滝山入口,,35.686106,139.341327,928_11,,0,928,,,11
928_17,,道の駅八王子滝山入口,,35.685713,139.340637,928_17,,0,928,,,10
928_8,,道の駅八王子滝山入口,,35.686106,139.341327,928_8,,0,928,,,11
929_1,,梅坪町,,35.687870,139.336857,929_1,,0,929,,,1
929_10,,梅坪町,,35.687812,139.337351,929_10,,0,929,,,10
930_0,,純心女子学園,,35.691949,139.334849,930_0,,0,930,,,0
930_1,,純心女子学園,,35.692349,139.333732,930_1,,0,930,,,1
930_10,,純心女子学園,,35.691860,139.334896,930_10,,0,930,,,10
930_11,,純心女子学園,,35.692099,139.334722,930_11,,0,930,,,11
930_3,,純心女子学園,,35.691860,139.334896,930_3,,0,930,,,3
931_1,,新道丹木町,,35.689383,139.333787,931_1,,0,931,,,1
931_10,,新道丹木町,,35.689133,139.334653,931_10,,0,931,,,10
940_0,,創価大学正門東京富士美術館,,35.688082,139.330395,940_0,,0,940,,,0
940_1,,創価大学正門東京富士美術館,,35.688082,139.330395,940_1,,0,940,,,1
940_10,,創価大学正門東京富士美術館,,35.687944,139.330445,940_10,,0,940,,,10
943_1,,創価大学創大門,,35.692513,139.327766,943_1,,0,943,,,1
944_1,,善太郎坂下,,35.694739,139.323261,944_1,,0,944,,,1
950_1,,薬師前・ジェイビス（JVIS）入口,,35.669245,139.300391,950_1,,0,950,,,1
950_10,,薬師前・ジェイビス（JVIS）入口,,35.668718,139.301154,950_10,,0,950,,,10
960_1,,叶谷,,35.670781,139.298561,960_1,,0,960,,,1
960_10,,叶谷,,35.671558,139.297821,960_10,,0,960,,,10
970_1,,四谷,,35.672739,139.296206,970_1,,0,970,,,1
970_10,,四谷,,35.672762,139.296379,970_10,,0,970,,,10
970_17,,四谷,,35.672782,139.295316,970_17,,0,970,,,17
970_8,,四谷,,35.672726,139.295076,970_8,,0,970,,,8
975_1,,四谷並木橋,,35.679066,139.298925,975_1,,0,975,,,1
975_10,,四谷並木橋,,35.677567,139.298500,975_10,,0,975,,,10
980_1,,下諏訪宿,,35.674020,139.293275,980_1,,0,980,,,1
980_10,,下諏訪宿,,35.673995,139.293573,980_10,,0,980,,,10
980_17,,下諏訪宿,,35.673995,139.293573,980_17,,0,980,,,10
980_8,,下諏訪宿,,35.674020,139.293275,980_8,,0,980,,,1
990_1,,諏訪神社,,35.676275,139.288560,990_1,,0,990,,,1
990_10,,諏訪神社,,35.676062,139.289216,990_10,,0,990,,,10
990_17,,諏訪神社,,35.676062,139.289216,990_17,,0,990,,,10
990_8,,諏訪神社,,35.676275,139.288560,990_8,,0,990,,,1
